<xml xmlns:o="urn:schemas-microsoft-com:office:office">
 <o:File HRef="v3_document.htm"/>
 <o:File HRef="preview.wmf"/>
 <o:File HRef="v3_next_active.gif"/>
 <o:File HRef="v3_next_disabled.gif"/>
 <o:File HRef="v3_prev_active.gif"/>
 <o:File HRef="v3_prev_disabled.gif"/>
 <o:File HRef="v3_outline_collapse.gif"/>
 <o:File HRef="v3_outline_expand.gif"/>
 <o:File HRef="v3_space.gif"/>
 <o:File HRef="v3_endshow.htm"/>
 <o:File HRef="v3_navigation_bar.htm"/>
 <o:File HRef="v3_outline_navigation_bar.htm"/>
 <o:File HRef="v3_outline_collapsed.htm"/>
 <o:File HRef="v3_outline_expanded.htm"/>
 <o:File HRef="v3_blank_notes.htm"/>
 <o:File HRef="master03.htm"/>
 <o:File HRef="master03.xml"/>
 <o:File HRef="master03_image001.gif"/>
 <o:File HRef="master03_image002.wmz"/>
 <o:File HRef="master03_image003.pcz"/>
 <o:File HRef="master03_image004.wmz"/>
 <o:File HRef="master03_image005.pcz"/>
 <o:File HRef="oledata.mso"/>
 <o:File HRef="master02.htm"/>
 <o:File HRef="pres.xml"/>
 <o:File HRef="v3_slide0001.htm"/>
 <o:File HRef="v3_master03_background.jpg"/>
 <o:File HRef="v3_slide0080.htm"/>
 <o:File HRef="v3_slide0073.htm"/>
 <o:File HRef="v3_slide0073_image006.gif"/>
 <o:File HRef="v3_slide0071.htm"/>
 <o:File HRef="v3_slide0071_image007.gif"/>
 <o:File HRef="v3_slide0017.htm"/>
 <o:File HRef="slide0001.htm"/>
 <o:File HRef="master03_image008.gif"/>
 <o:File HRef="master03_image009.gif"/>
 <o:File HRef="master03_image010.gif"/>
 <o:File HRef="slide0080.htm"/>
 <o:File HRef="slide0073.htm"/>
 <o:File HRef="slide0071.htm"/>
 <o:File HRef="slide0017.htm"/>
 <o:File HRef="master01.htm"/>
 <o:File HRef="master03_stylesheet.css"/>
 <o:File HRef="font.eot"/>
 <o:File HRef="font001.eot"/>
 <o:File HRef="font002.eot"/>
 <o:File HRef="font003.eot"/>
 <o:MainFile HRef="../quality.htm"/>
 <o:File HRef="error.htm"/>
 <o:File HRef="fullscreen.htm"/>
 <o:File HRef="outline.htm"/>
 <o:File HRef="buttons.gif"/>
 <o:File HRef="frame.htm"/>
 <o:File HRef="script.js"/>
 <o:File HRef="filelist.xml"/>
</xml>