<xml xmlns:v="urn:schemas-microsoft-com:vml"
 xmlns:o="urn:schemas-microsoft-com:office:office"
 xmlns:p="urn:schemas-microsoft-com:office:powerpoint">
 <p:presentation notessizex="4404" notessizey="5847" savewithfonts="t">
  <p:master id="3" type="main" href="master03.htm" xmlhref="master03.xml"
   template="Default Design" layout="title_body"
   slots="title,body,dateTime,footer,slideNumber">
   <p:schemes>
    <p:colorscheme
     colors="#FFFFFF,#000000,#969696,#000000,#00CC99,#3333CC,#CCCCFF,#B2B2B2"/>
    <p:colorscheme
     colors="#0000FF,#FFFFFF,#000000,#FFFF00,#FF9900,#00FFFF,#FF0033,#969696"/>
    <p:colorscheme
     colors="#FFFFCC,#000000,#808000,#999933,#339933,#800000,#0033CC,#FFCC66"/>
    <p:colorscheme
     colors="#FFFFFF,#000000,#393939,#000000,#CBCBCB,#868686,#4D4D4D,#EAEAEA"/>
    <p:colorscheme
     colors="#FFFFFF,#000000,#9F9F9F,#000000,#FFCC66,#0000FF,#CC00CC,#C0C0C0"/>
    <p:colorscheme
     colors="#FFFFFF,#000000,#868686,#000000,#CBCBCB,#0066FF,#FF0033,#009900"/>
    <p:colorscheme
     colors="#FFFFFF,#000000,#969696,#000000,#3399FF,#99FFCC,#CC00CC,#B2B2B2"/>
   </p:schemes>
  </p:master>
  <p:master id="1" type="notes" href="master01.htm" layout="notes"
   slots="header,dateTime,slideImage,body,footer,slideNumber"/>
  <p:master id="2" type="handout" href="master02.htm" layout="handout"
   slots="header,dateTime,footer,slideNumber"/>
  <p:slide id="1" href="slide0001.htm" layout="title_subtitle"
   slots="centerTitle,subTitle">
   <p:headersfooters noheader="t"/>
  </p:slide>
  <p:slide id="80" href="slide0080.htm" layout="title_body" slots="title,body">
   <p:headersfooters noheader="t"/>
  </p:slide>
  <p:slide id="73" href="slide0073.htm" layout="title_body" slots="title,body">
   <p:headersfooters noheader="t"/>
  </p:slide>
  <p:slide id="71" href="slide0071.htm" layout="title_body" slots="title,body">
   <p:headersfooters noheader="t"/>
  </p:slide>
  <p:slide id="17" href="slide0017.htm" layout="2_columns"
   slots="title,body,body">
   <p:headersfooters noheader="t"/>
  </p:slide>
  <p:viewstate type="slideView"/>
  <p:kinsoku language="Japanese" level="levelOne"/>
  <p:font name="Times" charset="0" type="14" family="18"/>
  <p:font name="Times New Roman" charset="0" type="6" family="18"/>
  <p:headersfooters noheader="t"/>
  <p:headersfooters notes="t" slidenumber="t"/>
  <p:pptdocumentsettings framecolors="WhiteTextOnBlack" hideslideanimation="t"
   browsersupport="dual"/>
 </p:presentation>
 <o:shapedefaults v:ext="edit" spidmax="108546">
  <v:stroke startarrowwidth="narrow" startarrowlength="short" endarrowwidth="narrow"
   endarrowlength="short" color2="none [0]" weight="1pt"/>
 </o:shapedefaults></xml>