<?xml version="1.0"?>
<?xml-stylesheet href="common.css" type="text/css"?>
<?xml-stylesheet href="printable.css" type="text/css"?>
<?xml-stylesheet href="display.css" type="text/css"?>
<!DOCTYPE AccountSet>

<SearchResult xmlns:html="http://www.w3.org/TR/REC-html40">

<html:head>

	<html:title>Online Banking</html:title>
	
</html:head>

<html:body/>

<PageHead>
	
		<html:img src="images/omblogo.gif" width="540" height="50"/>
		
</PageHead>
	
<AcctInfo>

	<AcctSummary>
		
		<DescriptBar>
			<DescripText>Account Summary</DescripText>
			<DescripText></DescripText>
		</DescriptBar>
		
		<Detail>
			<DetailName>Available Balance</DetailName>
			<DetailAmount>$3500</DetailAmount>
		</Detail>
		
	</AcctSummary>
	
	<AcctHistory>
	
		<DescriptBar>
			<DescripText>Account History</DescripText>
			<DescripText>
			</DescripText>
			<DescripText></DescripText>
			<DescripText></DescripText>
			<DescripText></DescripText>
		</DescriptBar>

		<Toolbar>
			<html:form>
				<Label>Sort by:</Label>
				<html:input type="button" id="Date" onclick="sort(transactions,this.id)" value="Date"/>
				<html:input type="button" id="CheckNumber" onclick="sort(transactions,this.id)" value="Number"/>
				<html:input type="button" id="Amount" onclick="revSort(transactions,this.id)" value="Amount"/>     
			</html:form> 
		</Toolbar>

		<TableHeaders>
			<CellHeader><html:div id="Date" onclick="alert('hello'); sort(transactions,this.id)">Date</html:div></CellHeader>
			<CellHeader><html:div id="CheckNumber" onclick="sort(transactions,this.id)">Number</html:div></CellHeader>
			<CellHeader><html:div id="Description" onclick="sort(transactions,this.id)">Description</html:div></CellHeader>
			<CellHeader><html:div id="TransType" onclick="sort(transactions,this.id)">Type</html:div></CellHeader>
			<CellHeader><html:div id="Amount" onclick="revSort(transactions,this.id)">Amount</html:div></CellHeader>
		</TableHeaders>

		<Transaction>
			<Date>11/17/99</Date>
			<CheckNumber>2006</CheckNumber>
			<Description>AMERICA ONLINE</Description>
			<TransType>-</TransType>
			<Amount>$  21.95</Amount>
		</Transaction>

		<Transaction>
			<Date>11/17/99</Date>
			<CheckNumber>2004</CheckNumber>
			<Description>AMAZON.COM</Description>
			<TransType>-</TransType>
			<Amount>$  89.99</Amount>
		</Transaction>

		<Transaction>
			<Date>11/19/99</Date>
			<CheckNumber>2001</CheckNumber>
			<Description>PETSMART</Description>
			<TransType>-</TransType>
			<Amount>$  14.98</Amount>
		</Transaction>

		<Transaction>
			<Date>11/21/99</Date>
			<CheckNumber>2007</CheckNumber>
			<Description>HUBERS CAFE</Description>
			<TransType>-</TransType>
			<Amount>$  40.00</Amount>
		</Transaction>

		<Transaction>
			<Date>11/21/99</Date>
			<CheckNumber>2000</CheckNumber>
			<Description>SERVICE FEE</Description>
			<TransType>-</TransType>
			<Amount>$   9.50</Amount>
		</Transaction>

		<Transaction>
			<Date>11/24/99</Date>
			<CheckNumber>2010</CheckNumber>
			<Description>WORLD MORTGAGE</Description>
			<TransType>-</TransType>
			<Amount>$3600.00</Amount>
		</Transaction>

		<Transaction>
			<Date>11/26/99</Date>
			<CheckNumber>1998</CheckNumber>
			<Description>TARGET</Description>
			<TransType>-</TransType>
			<Amount>$  26.56</Amount>
		</Transaction>

		<Transaction>
			<Date>11/27/99</Date>
			<CheckNumber>Deposit</CheckNumber>
			<Description>TRAVEL ADVANCE</Description>
			<TransType>+</TransType>
			<Amount>$2300.00</Amount>
		</Transaction>
	
	</AcctHistory>

</AcctInfo>

<Togglebar>
	<html:form>
		<html:input type="button" id="toggle" value="Change Style" onclick="initiateToggle(); return false;"/>
	</html:form>
</Togglebar>

<html:script src="banking.js"/>

</SearchResult>