<xml xmlns:o="urn:schemas-microsoft-com:office:office">
 <o:File HRef="v3_document.htm"/>
 <o:File HRef="preview.wmf"/>
 <o:File HRef="v3_next_active.gif"/>
 <o:File HRef="v3_next_disabled.gif"/>
 <o:File HRef="v3_prev_active.gif"/>
 <o:File HRef="v3_prev_disabled.gif"/>
 <o:File HRef="v3_outline_collapse.gif"/>
 <o:File HRef="v3_outline_expand.gif"/>
 <o:File HRef="v3_space.gif"/>
 <o:File HRef="v3_endshow.htm"/>
 <o:File HRef="v3_navigation_bar.htm"/>
 <o:File HRef="v3_outline_navigation_bar.htm"/>
 <o:File HRef="v3_outline_collapsed.htm"/>
 <o:File HRef="v3_outline_expanded.htm"/>
 <o:File HRef="v3_blank_notes.htm"/>
 <o:File HRef="master03.htm"/>
 <o:File HRef="master03.xml"/>
 <o:File HRef="master03_image001.jpg"/>
 <o:File HRef="master04.htm"/>
 <o:File HRef="master04.xml"/>
 <o:File HRef="master02.htm"/>
 <o:File HRef="pres.xml"/>
 <o:File HRef="v3_slide0001.htm"/>
 <o:File HRef="v3_slide0001_background.jpg"/>
 <o:File HRef="v3_slide0016.htm"/>
 <o:File HRef="v3_master03_background.jpg"/>
 <o:File HRef="v3_slide0002.htm"/>
 <o:File HRef="v3_slide0027.htm"/>
 <o:File HRef="v3_slide0033.htm"/>
 <o:File HRef="v3_slide0034.htm"/>
 <o:File HRef="v3_slide0032.htm"/>
 <o:File HRef="v3_slide0036.htm"/>
 <o:File HRef="v3_slide0035.htm"/>
 <o:File HRef="v3_slide0021.htm"/>
 <o:File HRef="v3_slide0029.htm"/>
 <o:File HRef="v3_slide0030.htm"/>
 <o:File HRef="v3_slide0031.htm"/>
 <o:File HRef="v3_slide0020.htm"/>
 <o:File HRef="v3_slide0006.htm"/>
 <o:File HRef="v3_slide0017.htm"/>
 <o:File HRef="v3_slide0007.htm"/>
 <o:File HRef="v3_slide0010.htm"/>
 <o:File HRef="v3_slide0018.htm"/>
 <o:File HRef="v3_slide0014.htm"/>
 <o:File HRef="v3_slide0015.htm"/>
 <o:File HRef="v3_slide0013.htm"/>
 <o:File HRef="v3_slide0008.htm"/>
 <o:File HRef="v3_slide0009.htm"/>
 <o:File HRef="slide0001.htm"/>
 <o:File HRef="master04_image002.gif"/>
 <o:File HRef="slide0016.htm"/>
 <o:File HRef="master03_image003.gif"/>
 <o:File HRef="slide0002.htm"/>
 <o:File HRef="slide0027.htm"/>
 <o:File HRef="slide0033.htm"/>
 <o:File HRef="slide0034.htm"/>
 <o:File HRef="slide0032.htm"/>
 <o:File HRef="slide0036.htm"/>
 <o:File HRef="slide0035.htm"/>
 <o:File HRef="slide0021.htm"/>
 <o:File HRef="slide0029.htm"/>
 <o:File HRef="slide0030.htm"/>
 <o:File HRef="slide0031.htm"/>
 <o:File HRef="slide0020.htm"/>
 <o:File HRef="slide0006.htm"/>
 <o:File HRef="slide0017.htm"/>
 <o:File HRef="slide0007.htm"/>
 <o:File HRef="slide0010.htm"/>
 <o:File HRef="slide0018.htm"/>
 <o:File HRef="slide0014.htm"/>
 <o:File HRef="slide0015.htm"/>
 <o:File HRef="slide0013.htm"/>
 <o:File HRef="slide0008.htm"/>
 <o:File HRef="slide0009.htm"/>
 <o:File HRef="master01.htm"/>
 <o:File HRef="master03_stylesheet.css"/>
 <o:MainFile HRef="../spidermonkey.htm"/>
 <o:File HRef="error.htm"/>
 <o:File HRef="fullscreen.htm"/>
 <o:File HRef="outline.htm"/>
 <o:File HRef="buttons.gif"/>
 <o:File HRef="frame.htm"/>
 <o:File HRef="script.js"/>
 <o:File HRef="filelist.xml"/>
</xml>