<xml xmlns:v="urn:schemas-microsoft-com:vml"
 xmlns:o="urn:schemas-microsoft-com:office:office"
 xmlns:p="urn:schemas-microsoft-com:office:powerpoint">
 <o:shapelayout v:ext="edit">
  <o:idmap v:ext="edit" data="1"/>
 </o:shapelayout><p:colorscheme
  colors="#FFFFFF,#000000,#B2B2B2,#000000,#6600FF,#CC00FF,#00CC99,#0099CC"/>
 <v:background id="_x0000_s1025" o:bwmode="lightGrayScale">
  <v:fill src="master03_image001.jpg" o:title="" type="tile"/>
 </v:background><p:shaperange id="_x0000_s1038">
  <v:group id="_x0000_s1038" style='position:absolute;left:30pt;top:24pt;
   width:660.125pt;height:474.25pt' coordorigin="240,192" coordsize="5281,3794">
   <v:group id="_x0000_s1029" style='position:absolute;left:240;top:1008;
    width:5281;height:2978' coordorigin="240,1008" coordsize="5281,2978">
    <v:rect id="_x0000_s1026" style='position:absolute;left:245;top:1010;
     width:5269;height:2976;mso-wrap-style:none;v-text-anchor:middle' o:bwmode="lightGrayScale"
     fillcolor="#eaeaea" stroked="f" strokecolor="black [1]">
     <v:fill opacity=".5"/>
     <v:shadow color="#b2b2b2 [2]"/>
    </v:rect><v:shape id="_x0000_s1027" style='position:absolute;left:240;
     top:1008;width:5269;height:2977' coordsize="5269,2977" o:bwmode="lightGrayScale"
     path="m5268,0hel0,,,2976e" filled="f" fillcolor="#60f [4]" strokecolor="#b2b2b2"
     strokeweight="1pt">
     <v:fill color2="white [0]"/>
     <v:stroke startarrowwidth="narrow" startarrowlength="short"
      endarrowwidth="narrow" endarrowlength="short" endcap="round"/>
     <v:shadow color="#b2b2b2 [2]"/>
     <v:path arrowok="t"/>
    </v:shape><v:shape id="_x0000_s1028" style='position:absolute;left:252;
     top:1008;width:5269;height:2977' coordsize="5269,2977" o:bwmode="lightGrayScale"
     path="m5268,0hel5268,2976,,2976e" filled="f" fillcolor="#60f [4]"
     strokecolor="white" strokeweight="1pt">
     <v:fill color2="white [0]"/>
     <v:stroke startarrowwidth="narrow" startarrowlength="short"
      endarrowwidth="narrow" endarrowlength="short" endcap="round"/>
     <v:shadow color="#b2b2b2 [2]"/>
     <v:path arrowok="t"/>
    </v:shape></v:group><v:group id="_x0000_s1033" style='position:absolute;
    left:336;top:1103;width:97;height:2785' coordorigin="336,1103" coordsize="97,2785">
    <v:rect id="_x0000_s1030" style='position:absolute;left:336;top:1104;
     width:96;height:2784;mso-wrap-style:none;v-text-anchor:middle' o:bwmode="lightGrayScale"
     stroked="f" strokecolor="black [1]">
     <v:fill src="master03_image001.jpg" o:title="" type="solid">
      <o:fill v:ext="view" type="background"/>
     </v:fill>
     <v:shadow color="#b2b2b2 [2]"/>
    </v:rect><v:shape id="_x0000_s1031" style='position:absolute;left:336;
     top:1103;width:97;height:2785' coordsize="97,2785" o:bwmode="lightGrayScale"
     path="m0,2784hel96,2784,96,0e" filled="f" fillcolor="#60f [4]"
     strokecolor="#b2b2b2" strokeweight="1pt">
     <v:fill color2="white [0]"/>
     <v:stroke startarrowwidth="narrow" startarrowlength="short"
      endarrowwidth="narrow" endarrowlength="short" endcap="round"/>
     <v:shadow color="#b2b2b2 [2]"/>
     <v:path arrowok="t"/>
    </v:shape><v:shape id="_x0000_s1032" style='position:absolute;left:336;
     top:1103;width:97;height:2785' coordsize="97,2785" o:bwmode="lightGrayScale"
     path="m0,2784hel0,,96,0e" filled="f" fillcolor="#60f [4]" strokecolor="white"
     strokeweight="1pt">
     <v:fill color2="white [0]"/>
     <v:stroke startarrowwidth="narrow" startarrowlength="short"
      endarrowwidth="narrow" endarrowlength="short" endcap="round"/>
     <v:shadow color="#b2b2b2 [2]"/>
     <v:path arrowok="t"/>
    </v:shape></v:group><v:group id="_x0000_s1037" style='position:absolute;
    left:240;top:192;width:193;height:721' coordorigin="240,192" coordsize="193,721">
    <v:rect id="_x0000_s1034" style='position:absolute;left:240;top:192;
     width:192;height:720;mso-wrap-style:none;v-text-anchor:middle' o:bwmode="lightGrayScale"
     fillcolor="#eaeaea" stroked="f" strokecolor="black [1]">
     <v:fill opacity=".5"/>
     <v:shadow color="#b2b2b2 [2]"/>
    </v:rect><v:shape id="_x0000_s1035" style='position:absolute;left:240;
     top:192;width:193;height:721' coordsize="193,721" o:bwmode="lightGrayScale"
     path="m192,0hel0,,,720e" filled="f" fillcolor="#60f [4]" strokecolor="#b2b2b2"
     strokeweight="1pt">
     <v:fill color2="white [0]"/>
     <v:stroke startarrowwidth="narrow" startarrowlength="short"
      endarrowwidth="narrow" endarrowlength="short" endcap="round"/>
     <v:shadow color="#b2b2b2 [2]"/>
     <v:path arrowok="t"/>
    </v:shape><v:shape id="_x0000_s1036" style='position:absolute;left:240;
     top:192;width:193;height:721' coordsize="193,721" o:bwmode="lightGrayScale"
     path="m192,0hel192,720,,720e" filled="f" fillcolor="#60f [4]"
     strokecolor="white" strokeweight="1pt">
     <v:fill color2="white [0]"/>
     <v:stroke startarrowwidth="narrow" startarrowlength="short"
      endarrowwidth="narrow" endarrowlength="short" endcap="round"/>
     <v:shadow color="#b2b2b2 [2]"/>
     <v:path arrowok="t"/>
    </v:shape></v:group></v:group></p:shaperange>
 <p:shaperange id="_x0000_m1039">
  <v:shapetype id="_x0000_m1039" style='position:absolute;left:66pt;top:27pt;
   width:612pt;height:87pt;mso-wrap-style:square;v-text-anchor:middle'
   coordsize="21600,21600" o:master="" o:spt="1" path="m0,0l0,21600,21600,21600,21600,0xe"
   filled="f" fillcolor="#60f [4]" stroked="f" strokecolor="black [1]">
   <v:fill color2="white [0]" o:detectmouseclick="t"/>
   <v:stroke joinstyle="miter" o:forcedash="t"/>
   <v:shadow color="#b2b2b2 [2]"/>
   <v:path gradientshapeok="t" o:connecttype="rect"/>
   <o:lock v:ext="edit" grouping="t"/>
   <v:textbox inset="7.25pt,46038emu,7.25pt,46038emu"/>
   <p:placeholder type="title"/>
  </v:shapetype></p:shaperange>
 <p:shaperange id="_x0000_m1040">
  <v:shapetype id="_x0000_m1040" style='position:absolute;left:66pt;top:138pt;
   width:612pt;height:324pt;mso-wrap-style:square;v-text-anchor:top'
   coordsize="21600,21600" o:master="" o:spt="1" path="m0,0l0,21600,21600,21600,21600,0xe"
   filled="f" fillcolor="#60f [4]" stroked="f" strokecolor="black [1]">
   <v:fill color2="white [0]" o:detectmouseclick="t"/>
   <v:stroke joinstyle="miter" o:forcedash="t"/>
   <v:shadow color="#b2b2b2 [2]"/>
   <v:path gradientshapeok="t" o:connecttype="rect"/>
   <o:lock v:ext="edit" grouping="t"/>
   <v:textbox inset="7.25pt,46038emu,7.25pt,46038emu"/>
   <p:placeholder type="body" position="1"/>
  </v:shapetype></p:shaperange>
 <p:shaperange id="_x0000_s1041">
  <v:shapetype id="_x0000_s1041" style='position:absolute;left:30pt;top:497.875pt;
   width:150pt;height:36pt;mso-wrap-style:none;v-text-anchor:middle'
   coordsize="21600,21600" o:master="" o:spt="1" path="m0,0l0,21600,21600,21600,21600,0xe"
   filled="f" fillcolor="#60f [4]" stroked="f" strokecolor="black [1]">
   <v:fill color2="white [0]" o:detectmouseclick="t"/>
   <v:stroke joinstyle="miter" o:forcedash="t"/>
   <v:shadow color="#b2b2b2 [2]"/>
   <v:path gradientshapeok="t" o:connecttype="rect"/>
   <o:lock v:ext="edit" grouping="t"/>
   <v:textbox inset="7.25pt,46038emu,7.25pt,46038emu"/>
   <p:placeholder type="dateTime" position="2" size="half"/>
  </v:shapetype></p:shaperange>
 <p:shaperange id="_x0000_s1042">
  <v:shapetype id="_x0000_s1042" style='position:absolute;left:246pt;top:497.875pt;
   width:228pt;height:36pt;mso-wrap-style:none;v-text-anchor:middle'
   coordsize="21600,21600" o:master="" o:spt="1" path="m0,0l0,21600,21600,21600,21600,0xe"
   filled="f" fillcolor="#60f [4]" stroked="f" strokecolor="black [1]">
   <v:fill color2="white [0]" o:detectmouseclick="t"/>
   <v:stroke joinstyle="miter" o:forcedash="t"/>
   <v:shadow color="#b2b2b2 [2]"/>
   <v:path gradientshapeok="t" o:connecttype="rect"/>
   <o:lock v:ext="edit" grouping="t"/>
   <v:textbox inset="7.25pt,46038emu,7.25pt,46038emu"/>
   <p:placeholder type="footer" position="3" size="quarter"/>
  </v:shapetype></p:shaperange>
 <p:shaperange id="_x0000_s1043">
  <v:shapetype id="_x0000_s1043" style='position:absolute;left:540pt;top:497.875pt;
   width:150pt;height:36pt;mso-wrap-style:none;v-text-anchor:middle'
   coordsize="21600,21600" o:master="" o:spt="1" path="m0,0l0,21600,21600,21600,21600,0xe"
   filled="f" fillcolor="#60f [4]" stroked="f" strokecolor="black [1]">
   <v:fill color2="white [0]" o:detectmouseclick="t"/>
   <v:stroke joinstyle="miter" o:forcedash="t"/>
   <v:shadow color="#b2b2b2 [2]"/>
   <v:path gradientshapeok="t" o:connecttype="rect"/>
   <o:lock v:ext="edit" grouping="t"/>
   <v:textbox inset="7.25pt,46038emu,7.25pt,46038emu"/>
   <p:placeholder type="slideNumber" position="4" size="quarter"/>
  </v:shapetype></p:shaperange>
</xml>