<xml xmlns:v="urn:schemas-microsoft-com:vml"
 xmlns:o="urn:schemas-microsoft-com:office:office"
 xmlns:p="urn:schemas-microsoft-com:office:powerpoint">
 <o:shapelayout v:ext="edit">
  <o:idmap v:ext="edit" data="3"/>
 </o:shapelayout><p:colorscheme
  colors="#FFFFFF,#000000,#B2B2B2,#000000,#6600FF,#CC00FF,#00CC99,#0099CC"/>
 <v:background id="_x0000_s3073" o:bwmode="lightGrayScale">
  <v:fill src="master03_image001.jpg" o:title="" type="tile"/>
 </v:background><p:shaperange id="_x0000_s3086">
  <v:group id="_x0000_s3086" style='position:absolute;left:29.75pt;top:132pt;
   width:660.625pt;height:348.125pt' coordorigin="238,1056" coordsize="5285,2785">
   <v:group id="_x0000_s3077" style='position:absolute;left:238;top:1056;
    width:5285;height:1393' coordorigin="238,1056" coordsize="5285,1393">
    <v:rect id="_x0000_s3074" style='position:absolute;left:243;top:1057;
     width:5272;height:1391;mso-wrap-style:none;v-text-anchor:middle' o:bwmode="lightGrayScale"
     fillcolor="#eaeaea" stroked="f" strokecolor="black [1]">
     <v:fill opacity=".5"/>
     <v:shadow color="#b2b2b2 [2]"/>
    </v:rect><v:shape id="_x0000_s3075" style='position:absolute;left:238;
     top:1056;width:5273;height:1393' coordsize="5273,1393" o:bwmode="lightGrayScale"
     path="m5272,0hel0,,,1392e" filled="f" fillcolor="#60f [4]" strokecolor="#b2b2b2"
     strokeweight="1pt">
     <v:fill color2="white [0]"/>
     <v:stroke startarrowwidth="narrow" startarrowlength="short"
      endarrowwidth="narrow" endarrowlength="short" endcap="round"/>
     <v:shadow color="#b2b2b2 [2]"/>
     <v:path arrowok="t"/>
    </v:shape><v:shape id="_x0000_s3076" style='position:absolute;left:250;
     top:1056;width:5273;height:1393' coordsize="5273,1393" o:bwmode="lightGrayScale"
     path="m5272,0hel5272,1392,,1392e" filled="f" fillcolor="#60f [4]"
     strokecolor="white" strokeweight="1pt">
     <v:fill color2="white [0]"/>
     <v:stroke startarrowwidth="narrow" startarrowlength="short"
      endarrowwidth="narrow" endarrowlength="short" endcap="round"/>
     <v:shadow color="#b2b2b2 [2]"/>
     <v:path arrowok="t"/>
    </v:shape></v:group><v:group id="_x0000_s3081" style='position:absolute;
    left:240;top:3744;width:5281;height:97' coordorigin="240,3744" coordsize="5281,97">
    <v:rect id="_x0000_s3078" style='position:absolute;left:240;top:3744;
     width:5280;height:96;mso-wrap-style:none;v-text-anchor:middle' o:bwmode="lightGrayScale"
     fillcolor="#eaeaea" stroked="f" strokecolor="black [1]">
     <v:fill opacity=".5"/>
     <v:shadow color="#b2b2b2 [2]"/>
    </v:rect><v:shape id="_x0000_s3079" style='position:absolute;left:240;
     top:3744;width:5281;height:97' coordsize="5281,97" o:bwmode="lightGrayScale"
     path="m5280,0hel0,,,96e" filled="f" fillcolor="#60f [4]" strokecolor="#b2b2b2"
     strokeweight="1pt">
     <v:fill color2="white [0]"/>
     <v:stroke startarrowwidth="narrow" startarrowlength="short"
      endarrowwidth="narrow" endarrowlength="short" endcap="round"/>
     <v:shadow color="#b2b2b2 [2]"/>
     <v:path arrowok="t"/>
    </v:shape><v:shape id="_x0000_s3080" style='position:absolute;left:240;
     top:3744;width:5281;height:97' coordsize="5281,97" o:bwmode="lightGrayScale"
     path="m5280,0hel5280,96,,96e" filled="f" fillcolor="#60f [4]"
     strokecolor="white" strokeweight="1pt">
     <v:fill color2="white [0]"/>
     <v:stroke startarrowwidth="narrow" startarrowlength="short"
      endarrowwidth="narrow" endarrowlength="short" endcap="round"/>
     <v:shadow color="#b2b2b2 [2]"/>
     <v:path arrowok="t"/>
    </v:shape></v:group><v:group id="_x0000_s3085" style='position:absolute;
    left:338;top:1200;width:97;height:1104' coordorigin="338,1200" coordsize="97,1104">
    <v:rect id="_x0000_s3082" style='position:absolute;left:338;top:1201;
     width:96;height:1103;mso-wrap-style:none;v-text-anchor:middle' o:bwmode="lightGrayScale"
     stroked="f" strokecolor="black [1]">
     <v:fill src="master03_image001.jpg" o:title="" type="solid">
      <o:fill v:ext="view" type="background"/>
     </v:fill>
     <v:shadow color="#b2b2b2 [2]"/>
    </v:rect><v:shape id="_x0000_s3083" style='position:absolute;left:338;
     top:1200;width:97;height:1104' coordsize="97,1104" o:bwmode="lightGrayScale"
     path="m0,1103hel96,1103,96,0e" filled="f" fillcolor="#60f [4]"
     strokecolor="#b2b2b2" strokeweight="1pt">
     <v:fill color2="white [0]"/>
     <v:stroke startarrowwidth="narrow" startarrowlength="short"
      endarrowwidth="narrow" endarrowlength="short" endcap="round"/>
     <v:shadow color="#b2b2b2 [2]"/>
     <v:path arrowok="t"/>
    </v:shape><v:shape id="_x0000_s3084" style='position:absolute;left:338;
     top:1200;width:97;height:1104' coordsize="97,1104" o:bwmode="lightGrayScale"
     path="m0,1103hel0,,96,0e" filled="f" fillcolor="#60f [4]" strokecolor="white"
     strokeweight="1pt">
     <v:fill color2="white [0]"/>
     <v:stroke startarrowwidth="narrow" startarrowlength="short"
      endarrowwidth="narrow" endarrowlength="short" endcap="round"/>
     <v:shadow color="#b2b2b2 [2]"/>
     <v:path arrowok="t"/>
    </v:shape></v:group></v:group></p:shaperange>
 <p:shaperange id="_x0000_m3087">
  <v:shapetype id="_x0000_m3087" style='position:absolute;left:65.875pt;top:168pt;
   width:612pt;height:90pt;mso-wrap-style:square;v-text-anchor:middle'
   coordsize="21600,21600" o:master="" o:spt="1" path="m0,0l0,21600,21600,21600,21600,0xe"
   filled="f" fillcolor="#60f [4]" stroked="f" strokecolor="black [1]">
   <v:fill color2="white [0]" o:detectmouseclick="t"/>
   <v:stroke joinstyle="miter" o:forcedash="t"/>
   <v:shadow color="#b2b2b2 [2]"/>
   <v:path gradientshapeok="t" o:connecttype="rect"/>
   <o:lock v:ext="edit" grouping="t"/>
   <v:textbox inset="7.25pt,46038emu,7.25pt,46038emu"/>
   <p:placeholder type="centerTitle" size="quarter"/>
  </v:shapetype></p:shaperange>
 <p:shaperange id="_x0000_m3088">
  <v:shapetype id="_x0000_m3088" style='position:absolute;left:108pt;top:318pt;
   width:7in;height:138pt;mso-wrap-style:square;v-text-anchor:middle'
   coordsize="21600,21600" o:master="" o:spt="1" path="m0,0l0,21600,21600,21600,21600,0xe"
   filled="f" fillcolor="#60f [4]" stroked="f" strokecolor="black [1]">
   <v:fill color2="white [0]" o:detectmouseclick="t"/>
   <v:stroke joinstyle="miter" o:forcedash="t"/>
   <v:shadow color="#b2b2b2 [2]"/>
   <v:path gradientshapeok="t" o:connecttype="rect"/>
   <o:lock v:ext="edit" grouping="t"/>
   <v:textbox inset="7.25pt,46038emu,7.25pt,46038emu"/>
   <p:placeholder type="subTitle" position="1" size="quarter"/>
  </v:shapetype></p:shaperange>
 <p:shaperange id="_x0000_s3089">
  <v:shapetype id="_x0000_s3089" style='position:absolute;left:30pt;top:498pt;
   width:150pt;height:36pt;mso-wrap-style:none;v-text-anchor:middle'
   coordsize="21600,21600" o:master="" o:spt="1" path="m0,0l0,21600,21600,21600,21600,0xe"
   filled="f" fillcolor="#60f [4]" stroked="f" strokecolor="black [1]">
   <v:fill color2="white [0]" o:detectmouseclick="t"/>
   <v:stroke joinstyle="miter" o:forcedash="t"/>
   <v:shadow color="#b2b2b2 [2]"/>
   <v:path gradientshapeok="t" o:connecttype="rect"/>
   <o:lock v:ext="edit" grouping="t"/>
   <v:textbox inset="7.25pt,46038emu,7.25pt,46038emu"/>
   <p:placeholder type="dateTime" position="2" size="quarter"/>
  </v:shapetype></p:shaperange>
 <p:shaperange id="_x0000_s3090">
  <v:shapetype id="_x0000_s3090" style='position:absolute;left:246pt;top:498pt;
   width:228pt;height:36pt;mso-wrap-style:none;v-text-anchor:middle'
   coordsize="21600,21600" o:master="" o:spt="1" path="m0,0l0,21600,21600,21600,21600,0xe"
   filled="f" fillcolor="#60f [4]" stroked="f" strokecolor="black [1]">
   <v:fill color2="white [0]" o:detectmouseclick="t"/>
   <v:stroke joinstyle="miter" o:forcedash="t"/>
   <v:shadow color="#b2b2b2 [2]"/>
   <v:path gradientshapeok="t" o:connecttype="rect"/>
   <o:lock v:ext="edit" grouping="t"/>
   <v:textbox inset="7.25pt,46038emu,7.25pt,46038emu"/>
   <p:placeholder type="footer" position="3" size="quarter"/>
  </v:shapetype></p:shaperange>
 <p:shaperange id="_x0000_s3091">
  <v:shapetype id="_x0000_s3091" style='position:absolute;left:540pt;top:498pt;
   width:150pt;height:36pt;mso-wrap-style:none;v-text-anchor:middle'
   coordsize="21600,21600" o:master="" o:spt="1" path="m0,0l0,21600,21600,21600,21600,0xe"
   filled="f" fillcolor="#60f [4]" stroked="f" strokecolor="black [1]">
   <v:fill color2="white [0]" o:detectmouseclick="t"/>
   <v:stroke joinstyle="miter" o:forcedash="t"/>
   <v:shadow color="#b2b2b2 [2]"/>
   <v:path gradientshapeok="t" o:connecttype="rect"/>
   <o:lock v:ext="edit" grouping="t"/>
   <v:textbox inset="7.25pt,46038emu,7.25pt,46038emu"/>
   <p:placeholder type="slideNumber" position="4" size="quarter"/>
  </v:shapetype></p:shaperange>
</xml>