<xml xmlns:v="urn:schemas-microsoft-com:vml"
 xmlns:o="urn:schemas-microsoft-com:office:office"
 xmlns:p="urn:schemas-microsoft-com:office:powerpoint">
 <p:presentation>
  <p:master id="3" type="main" href="master03.htm" xmlhref="master03.xml"
   template="Professional" layout="title_body"
   slots="title,body,dateTime,footer,slideNumber">
   <p:schemes>
    <p:colorscheme
     colors="#FFFFFF,#000000,#B2B2B2,#000000,#6600FF,#CC00FF,#00CC99,#0099CC"/>
    <p:colorscheme
     colors="#FFFFFF,#000000,#B2B2B2,#000000,#99CCFF,#CCCCFF,#FF99CC,#CBCBCB"/>
    <p:colorscheme
     colors="#FFFFFF,#000000,#B2B2B2,#000000,#EAEAEA,#5F5F5F,#969696,#CBCBCB"/>
    <p:colorscheme
     colors="#FFFFFF,#000000,#B2B2B2,#000000,#FF0033,#CC6600,#999933,#A50021"/>
   </p:schemes>
  </p:master>
  <p:master id="4" type="title" href="master04.htm" xmlhref="master04.xml"
   layout="title_subtitle"
   slots="centerTitle,subTitle,dateTime,footer,slideNumber"/>
  <p:master id="1" type="notes" href="master01.htm" layout="notes"
   slots="header,dateTime,slideImage,body,footer,slideNumber"/>
  <p:master id="2" type="handout" href="master02.htm" layout="handout"
   slots="header,dateTime,footer,slideNumber"/>
  <p:slide id="1" href="slide0001.htm" masterhref="master04.htm"
   layout="title_subtitle" slots="centerTitle,subTitle"/>
  <p:slide id="16" href="slide0016.htm" layout="title_body" slots="title,body"/>
  <p:slide id="2" href="slide0002.htm" layout="title_body" slots="title,body"/>
  <p:slide id="27" href="slide0027.htm" layout="title_body" slots="title,body"/>
  <p:slide id="33" href="slide0033.htm" layout="title_body" slots="title,body"/>
  <p:slide id="34" href="slide0034.htm" layout="title_body" slots="title,body"/>
  <p:slide id="32" href="slide0032.htm" layout="title_body" slots="title,body"/>
  <p:slide id="36" href="slide0036.htm" layout="title_body" slots="title,body"/>
  <p:slide id="35" href="slide0035.htm" layout="title_body" slots="title,body"/>
  <p:slide id="21" href="slide0021.htm" layout="title_body" slots="title,body"/>
  <p:slide id="29" href="slide0029.htm" layout="title_body" slots="title,body"/>
  <p:slide id="30" href="slide0030.htm" layout="title_body" slots="title,body"/>
  <p:slide id="31" href="slide0031.htm" layout="title_body" slots="title,body"/>
  <p:slide id="20" href="slide0020.htm" layout="title_body" slots="title,body"/>
  <p:slide id="6" href="slide0006.htm" layout="title_body" slots="title,body"/>
  <p:slide id="17" href="slide0017.htm" layout="title_body" slots="title,body"/>
  <p:slide id="7" href="slide0007.htm" layout="title_body" slots="title,body"/>
  <p:slide id="10" href="slide0010.htm" layout="2_columns"
   slots="title,body,body"/>
  <p:slide id="18" href="slide0018.htm" layout="title_body" slots="title,body"/>
  <p:slide id="14" href="slide0014.htm" layout="title_body" slots="title,body"/>
  <p:slide id="15" href="slide0015.htm" layout="title_body" slots="title,body"/>
  <p:slide id="13" href="slide0013.htm" layout="title_body" slots="title,body"/>
  <p:slide id="8" href="slide0008.htm" layout="title_body" slots="title,body"/>
  <p:slide id="9" href="slide0009.htm" layout="title_body" slots="title,body"/>
  <p:viewstate type="slideView"/>
  <p:slideshowsettings pencolor="schemeText" manualadvance="t"/>
  <p:kinsoku language="Japanese" level="levelOne"/>
  <p:font name="Times New Roman" charset="0" type="6" family="18"/>
  <p:font name="Monotype Sorts" charset="2" type="6" family="2"/>
  <p:headersfooters nofooter="t" noheader="t" nodate="t"/>
  <p:headersfooters notes="t" slidenumber="t"/>
  <p:pptdocumentsettings framecolors="WhiteTextOnBlack" hideslideanimation="t"
   browsersupport="dual"/>
 </p:presentation>
 <o:shapedefaults v:ext="edit" spidmax="28676">
  <v:stroke startarrowwidth="narrow" startarrowlength="short" endarrowwidth="narrow"
   endarrowlength="short" color2="none [0]" weight="1pt"/>
 </o:shapedefaults></xml>