&nbsp;,test,WN6,WI5,MN6,MI5,LN6
DOMImplementation,,Y,X,X,X,X
DOMImplementation.hasFeature HTML 1.0,cimp001.html,Y,X,X,X,X
DOMImplementation.hasFeature XML 1.0,cimp002.html,Y,X,X,X,X
DOMImplementation.hasFeature HTML 2.0,cimp003.html,Y,X,X,X,X
DOMImplementation.hasFeature XML 2.0,cimp004.html,Y,X,X,X,X
DOMException,,P,X,X,X,X
DOMException.INDEX_SIZE_ERR,,X,X,X,X,X
DOMException.DOMSTRING_SIZE_ERR,cdex006.html,N,N,X,X,X
DOMException.HIERARCHY_REQUEST_ERR,cdex009.html,N,N,X,X,X
DOMException.WRONG_DOCUMENT_ERR,,X,X,X,X,X
DOMExcepton.INVALID_CHARACTER_ERR,cdex017.html;cdex020.html,N,N,X,X,X
DOMException.NO_DATA_ALLOWED_ERR,,X,X,X,X,X
DOMException.NO_MODIFICATION_ALLOWED_ERR,cdex022.html;cdex023.html,Y,N,X,X,X
DOMException.NOT_FOUND_ERR,cdex041.html,N,N,X,X,X
DOMException.NOT_SUPPORTED_ERR,cdex045.html;cdex046.html;cdex047.html,Y,N,X,X,X
DOMException.INUSE_ATTRIBUTE_ERR,,X,X,X,X,X
Node ,,X,X,X,X,X
Node.nodeName,cnod000.html,N,Y,X,X,Y
Node.nodeValue,,X,X,X,X,X
Node.nodeType,,X,X,X,X,X
Node.parentNode,cnod003.html,Y,Y,X,X,Y
Node.childNodes,,X,X,X,X,X
Node.firstChild,cnod005.html,Y,Y,X,X,Y
Node.lastChild,cnod006.html,Y,X,X,X,Y
Node.previousSibling,cnod007.html,Y,Y,X,X,Y
Node.nextSibling,cnod008.html,Y,Y,X,X,Y
Node.attributes,,X,X,X,X,X
Node.ownerDocument,cnod010.html,Y,P,X,X,Y
Node.insertBefore,cnod011.html,Y,Y,X,X,Y
Node.replaceChild,cnod012.html,P,P,X,X,X
Node.removeChild,cnod013.html,Y,Y,X,X,Y
Node.appendChild,cnod014.html,Y,Y,X,X,Y
Node.hasChildNodes,cnod015.html,Y,Y,X,X,Y
Node.cloneNode,cnod016.html,Y,X,X,X,Y
NodeList,,Y,P,X,X,Y
NodeList.item,clst002.html;clst004.html,Y,N,X,X,Y
NodeList.length,clst001.html;clst003.html,Y,Y,X,X,Y
NamedNodeMap,,X,X,X,X,X
NamedNodeMap.getNamedItem,cmap002.html,Y,X,X,X,Y
NamedNodeMap.setNamedItem,cmap003.html,X,X,X,X,X
NamedNodeMap.removeNamedItem,cmap004.html,Y,N,X,X,X
NamedNodeMap.item,cmap005.html,Y,N,X,X,Y
NamedNodeMap.length,cmap001.html,Y,N,X,X,Y
CharacterData,,P,X,X,X,X
CharacterData.data,char001.html,P,P,X,X,X
CharacterData.length,char002.html,Y,N,X,X,X
CharacterData.substringData,char003.html,Y,Y,X,X,X
CharacterData.appendData,char004.html,Y,N,X,X,X
CharacterData.insertData,char005.html,Y,N,X,X,X
CharacterData.deleteData,char006.html,N,N,X,X,X
CharacterData.replaceData,char007.html,Y,N,X,X,X
Document,,X,X,X,X,X
Document.docType,cdoc002.html,P,Y,X,X,X
Document.implementation,cdoc003.html,Y,X,X,X,X
Document.documentElement,cdoc004.html,Y,N,X,X,X
Document.createElement,cdoc005.html,Y,Y,X,X,X
Document.createDocumentFragment,cdoc006.html,Y,N,X,X,X
Document.createTextNode,,X,X,X,X,X
Document.createComment,cdoc008.html,Y,N,X,X,X
Document.createCDATASection,,X,X,X,X,X
Document.createProcessingInstruction,,X,X,X,X,X
Document.createAttribute,cdoc011.html,Y,N,X,X,X
Document.createEntityReference,,X,X,X,X,X
Document.getElementsByTagName,cdoc014.html,Y,N,X,X,X
DocumentFragment,,X,X,X,X,X
DocumentType,,X,X,X,X,X
DocumentType.name,ctyp001.html,Y,X,X,X,X
DocumentType.entities,ctyp002.html,N,X,X,X,X
DocumentType.notations,ctyp003.html,N,X,X,X,X
EntityReference,,X,X,X,X,X
Element,,Y,P,X,X,Y
Element.tagName,cele001.html,Y,Y,X,X,Y
Element.getAttribute,cele002.html,Y,Y,X,X,Y
Element.setAttribute,cele003.html,Y,Y,X,X,Y
Element.removeAttribute,cele004.html,Y,N,X,X,Y
Element.getAttributeNode,cele005.html,Y,X,X,X,Y
Element.setAttributeNode,cele006.html,Y,X,X,X,Y
Element.removeAttributeNode,,X,X,X,X,X
Element.getElementsByTagName,cele008.html,N,Y,X,X,Y
Element.normalize,,X,X,X,X,X
Attr,,X,N,X,X,X
Attr.name,catt001.html,Y,N,X,X,Y
Attr.specified,catt001.html,Y,P,X,X,X
Attr.value,catt003.html,Y,N,X,X,Y
ProcessingInstruction,,X,X,X,X,X
ProcessingInstruction.target,,X,X,X,X,X
ProcessingInstruction.data,,X,X,X,X,X
Comment,,X,X,X,X,X
Text,,X,X,X,X,X
Text.splitText,,X,X,X,X,X
CDATASection,,X,X,X,X,X
Entity ,,X,X,X,X,X
Entity.publicId,,X,X,X,X,X
Entity.systemId,,X,X,X,X,X
Entity.notationName,,X,X,X,X,X
Notation,,X,X,X,X,X
Notation.publicId,,X,X,X,X,X
Notation.systemId,,X,X,X,X,X
