&nbsp;,test,WN6,WI5,MN6,MI5,LN6
HTMLCollection,,Y,N,X,X,Y
length,hcol001.html,Y,N,X,X,Y
item,hcol002.html,Y,N,X,X,Y
namedItem,hcol003.html,Y,N,X,X,Y
HTMLDocument,,P,P,X,X,P
title,hdoc001.html,Y,Y,X,X,Y
referrer,hdoc004.html,Y,N,X,X,N
domain,hdoc006.html,Y,Y,X,X,Y
url,hdoc008.html,Y,Y,X,X,Y
body,hdoc009.html,Y,N,X,X,Y
images,hdoc012.html,Y,Y,X,X,Y
applets,hdoc016.html,N,N,X,X,Y
links,hdoc018.html,Y,Y,X,X,Y
forms,hdoc020.html,Y,Y,X,X,Y
anchors,hdoc022.html,Y,Y,X,X,Y
cookie,hdoc024.html,Y,Y,X,X,Y
open, ,X,X,X,X,X
close, ,X,X,X,X,X
write,hdoc029.html,Y,Y,X,X,X
writeln, ,X,X,X,X,X
getElementById,hdoc031.html,Y,N,X,X,Y
getElementsByName, ,X,X,X,X,X
HTMLElement,,Y,P,X,X,P
id,helm001.html,Y,Y,X,X,Y
title,helm002.html,Y,Y,X,X,Y
lang,helm003.html,Y,Y,X,X,Y
dir,helm004.html,Y,N,X,X,N
className,helm005.html,Y,Y,X,X,N
HTMLHtmlElement,,Y,Y,X,X,Y
version,hhtm001.html,Y,Y,X,X,Y
HTMLHeadElement,,Y,Y,X,X,Y
profile,hhed001.html;hhed002.html,Y,Y,X,X,Y
HTMLLinkElement,,Y,Y,X,X,Y
disabled,hlnk001.html,Y,Y,X,X,Y
charset,hlnk002.html,Y,Y,X,X,Y
href,hlnk003.html,Y,Y,X,X,Y
hreflang,hlnk004.html,Y,Y,X,X,Y
media,hlnk005.html,Y,Y,X,X,Y
rel,hlnk006.html,Y,Y,X,X,Y
rev,hlnk007.html,Y,Y,X,X,Y
target,hlnk008.html,Y,Y,X,X,Y
type,hlnk009.html,Y,Y,X,X,Y
HTMLTitleElement,,Y,Y,X,X,Y
text,httl001.html,Y,Y,X,X,Y
HTMLMetaElement,,Y,Y,X,X,Y
content,hmet001.html,Y,Y,X,X,Y
httpEquiv,hmet002.html,Y,Y,X,X,Y
name,hmet003.html,Y,Y,X,X,Y
scheme,hmet004.html,Y,Y,X,X,Y
HTMLBaseElement, ,X,X,X,X,X
href, ,X,X,X,X,X
target, ,X,X,X,X,X
HTMLIsIndexElement,,N,X,X,X,N
form,hisi000.html,N,X,X,X,N
prompt,hisi001.html,N,P,X,X,N
HTMLStyleElement, ,Y,P,X,X,X
disabled,hstl000.html,Y,N,X,X,Y
media,hstl001.html,Y,N,X,X,X
type,hstl002.html,Y,Y,X,X,X
HTMLBodyElement, ,Y,X,X,X,Y
aLink,hbod000.html,Y,N,X,X,Y
background,hbod001.html,Y,N,X,X,Y
bgcolor,hbod002.html,Y,N,X,X,Y
link,hbod003.html,Y,N,X,X,Y
text,hbod004.html,Y,N,X,X,Y
vLink,hbod005.html,Y,N,X,X,Y
HTMLFormElement, ,X,X,X,X,X
element, ,X,X,X,X,X
length, ,X,X,X,X,X
name, ,X,X,X,X,X
acceptCharset, ,X,X,X,X,X
action, ,X,X,X,X,X
enctype, ,X,X,X,X,X
method, ,X,X,X,X,X
target, ,X,X,X,X,X
HTMLSelectElement,,Y,P,X,X,P
type,hsel000.html,Y,Y,X,X,Y
selectedIndex,hsel001.html,Y,Y,X,X,Y
value,hsel002.html,Y,N,X,X,Y
length,hsel003.html,Y,Y,X,X,Y
form,hsel004.html,Y,Y,X,X,Y
options,hsel005.html,Y,Y,X,X,Y
disabled,hsel006.html,Y,X,X,X,Y
multiple,hsel007.html,Y,Y,X,X,Y
name,hsel008.html,Y,X,X,X,Y
size,hsel009.html,Y,X,X,X,Y
tabindex,hsel010.html,Y,Y,X,X,Y
add,hsel011.html,Y,X,X,X,N
remove,hsel012.html,Y,Y,X,X,Y
blur, ,X,X,X,X,X
focus, ,X,X,X,X,X
HTMLOptGroup,,Y,P,X,X,Y
disabled,hopg001.html;hopg003.html,Y,N,X,X,Y
label,hopg002.html;hopg004.html,Y,Y,X,X,Y
HTMLOptionElement,,Y,Y,X,X,Y
form,hopt001.html,Y,N,X,X,Y
defaultSelected,hopt002.html,Y,Y,X,X,Y
text,hopt003.html,Y,Y,X,X,Y
index,hopt004.html,Y,Y,X,X,Y
disabled,hopt005.html,Y,N,X,X,Y
label,hopt006.html,Y,Y,X,X,Y
selected,hopt007.html,Y,Y,X,X,Y
value,hopt008.html,Y,Y,X,X,Y
HTMLInputElement,,X,P,X,X,X
defaultValue, ,X,X,X,X,X
defaultChecked,hinp001.html,Y,Y,X,X,Y
form,hinp002.html,Y,Y,X,X,X
accept,hinp003.html,Y,Y,X,X,X
accessKey,hinp004.html,Y,Y,X,X,X
align,hinp005.html,P,N,X,X,X
alt,hinp006.html,Y,Y,X,X,X
checked,hinp007.html,P,P,X,X,X
disabled,,X,X,X,X,X
maxLength, ,X,X,X,X,X
name, ,X,X,X,X,X
readOnly, ,X,X,X,X,X
size, ,X,X,X,X,X
src, ,X,X,X,X,X
tabIndex,hinp014.html,Y,P,X,X,X
type,hinp015.html,N,N,X,X,X
useMap, ,X,X,X,X,X
value,hinp017.html,Y,Y,X,X,X
blur, ,X,X,X,X,X
focus, ,X,X,X,X,X
select, ,X,X,X,X,X
click,hinp021.html,Y,Y,X,X,X
HTMLTextAreaElement, ,X,X,X,X,X
defaultValue,htxa000.html,N,N,X,X,N
form,htxa001.html,Y,N,X,X,Y
accessKey,htxa002.html,Y,Y,X,X,Y
cols,htxa003.html,P,P,X,X,P
disabled, ,X,X,X,X,X
name, ,X,X,X,X,X
readOnly, ,X,X,X,X,X
rows,htxa007.html,P,P,X,X,P
tabIndex,htxa008.html,Y,Y,X,X,X
type,htxa009.html,Y,Y,X,X,Y
value,htxa010.html,P,P,X,X,Y
blur, ,X,X,X,X,X
focus, ,X,X,X,X,X
select, ,X,X,X,X,X
HTMLButtonElement,,P,P,X,X,X
form,hbut000.html,Y,Y,X,X,Y
accessKey,hbut001.html,Y,Y,X,X,Y
disabled,hbut002.html,Y,Y,X,X,Y
name,hbut003.html,Y,N,X,X,X
tabIndex,hbut004.html,Y,N,X,X,Y
type,hbut005.html,P,N,X,X,P
value,hbut006.html,Y,N,X,X,Y
HTMLLabelElement, ,Y,Y,X,X,P
form,hlbl000.html,Y,Y,X,X,Y
accessKey,hlbl001.html,Y,Y,X,X,Y
htmlFor,hlbl002.html,Y,Y,X,X,P
HTMLFieldSetElement, ,Y,N,X,X,X
form,hfst001.html,Y,N,X,X,X
HTMLLegendElement,,Y,P,X,X,P
form,hleg000.html,Y,N,X,X,N
accessKey,hleg001.html,Y,Y,X,X,Y
align,hleg002.html,Y,Y,X,X,P
HTMLUListElement,,Y,P,X,X,Y
compact,huli001.html,Y,Y,X,X,Y
type,huli002.html;huli003.html;huli004.html;huli005.html,Y,N,X,X,Y
HTMLOListElement,,Y,Y,X,X,Y
compact,holi001.html,Y,Y,X,X,Y
start,holi003.html,Y,Y,X,X,Y
type,holi006.html;holi007.html;holi008.html;holi009.html;holi010.html;holi011.html,Y,Y,X,X,Y
HTMLDListElement,,Y,N,X,X,Y
compact,hdli001.html,Y,N,X,X,Y
HTMLDirectoryElement, ,X,X,X,X,X
compact, ,X,X,X,X,X
HTMLMenuElement,,Y,N,X,X,Y
compact,hmnu001.html,Y,N,X,X,Y
HTMLLIElement,,Y,P,X,X,P
type,hli_000.html;hli_001.html;hli_002.html;�hli_010.html,Y,N,X,X,P
value,hli_011.html,Y,Y,X,X,Y
HTMLBlockquoteElemen,,Y,N,X,X,Y
cite,hbkq001.html,Y,N,X,X,Y
HTMLDivElement,,Y,N,X,X,Y
align,hdiv001.html;hdiv002.html;hdiv003.html;hdiv004.html,Y,N,X,X,Y
HTMLParagraphElement,,Y,P,X,X,Y
align,hpar001.html;hpar002.html;hpar003.html;hpar004.html;hapr005.html,Y,P,X,X,Y
HTMLHeadingElement,,Y,N,X,X,Y
align,hhdg001.html;hhdg002.html;hhdg003.html;hhdg004.html,Y,N,X,X,Y
HTMLQuoteElement,,Y,Y,X,X,Y
cite,hquo001.html,Y,Y,X,X,Y
HTMLPreElement,,Y,Y,X,X,Y
width,hpre001.html,Y,Y,X,X,Y
HTMLBRElement,,Y,N,X,X,Y
clear,hbre001.html,Y,N,X,X,Y
HTMLBaseFontElement,,Y,X,X,X,Y
color,hbfn000.html,Y,X,X,X,Y
face,hbfn002.html,Y,X,X,X,Y
size,hbfn001.html,Y,X,X,X,Y
HTMLFontElement,,Y,N,X,X,Y
color,hfon000.html,Y,N,X,X,Y
face,hfon002.html,Y,N,X,X,Y
size,hfon001.html,Y,N,X,X,Y
HTMLHRElement,,X,X,X,X,X
align,hhrl000.html,Y,N,X,X,P
noShade,hhrl001.html,Y,N,X,X,X
size,hhrl002.html,Y,N,X,X,Y
width,hhrl003.html,Y,N,X,X,Y
HTMLModElement,,X,X,X,X,X
cite,hmod000.html,X,X,X,X,X
dateTime,hmod001.html,X,X,X,X,X
HTMLAnchorElement,,X,X,X,X,X
accessKey,hanc000.html,Y,X,X,X,Y
charset, ,X,X,X,X,X
coords,hanc002.html,Y,X,X,X,Y
href,hanc003.html,Y,X,X,X,P
hreflang, ,X,X,X,X,X
name, ,X,X,X,X,X
rel, ,X,X,X,X,X
rev, ,X,X,X,X,X
shape,hanc008.html,X,X,X,X,Y
tabIndex,hanc009.html,Y,Y,X,X,Y
target,hanc010.html,Y,X,X,X,Y
type, ,X,X,X,X,X
blur, ,X,X,X,X,X
focus, ,X,X,X,X,X
HTMLImageElement,,X,X,X,X,X
lowSrc,himg000.html,Y,X,X,X,Y
name,himg001.html,Y,X,X,X,Y
align,himg002.html,P,N,X,X,N
alt,himg003.html,Y,X,X,X,Y
border,himg004.html,Y,X,X,X,Y
height, ,X,X,X,X,X
hspace,himg006.html,Y,X,X,X,Y
isMap,himg007.html,Y,X,X,X,Y
longDesc,himg008.html,Y,X,X,X,Y
src,himg009.html,Y,X,X,X,X
useMap, ,X,X,X,X,X
vspace,himg011.html,Y,X,X,X,Y
width, ,X,X,X,X,X
HTMLObjectElement,,X,P,X,X,X
form, ,X,X,X,X,X
code, ,X,X,X,X,X
align,hobj004.html;hobj005.html;hobj006.html,Y,N,X,X,N
archive, ,X,X,X,X,X
border,hobj009.html;hobj010.html;hobj011.html,Y,N,X,X,N
codeBase, ,X,X,X,X,X
codeType, ,X,X,X,X,X
data,hobj014.html;hobj015.html,Y,N,X,X,Y
declare, ,X,X,X,X,X
height,hobj016.html;hobj017.html,Y,N,X,X,Y
hspace,hobj018.html;hobj019.html,Y,Y,X,X,Y
name, ,X,X,X,X,X
standby, ,X,X,X,X,X
tabIndex, ,X,X,X,X,X
type, ,X,X,X,X,X
useMap, ,X,X,X,X,X
vspace,hobj030.html,Y,N,X,X,Y
width,hobj034.html,Y,N,X,X,Y
HTMLParamElement,,X,X,X,X,X
name,hprm000.html,Y,X,X,X,Y
type,hprm003.html,Y,X,X,X,Y
value,hprm001.html,Y,X,X,X,Y
valueType,hprm002.html,Y,X,X,X,Y
HTMLAppletElement,,X,P,X,X,P
align,hapl001.html,Y,N,X,X,N
alt,hapl002.html,X,Y,X,X,X
archive,hapl003.html,X,Y,X,X,Y
code,hapl004.html,X,N,X,X,Y
codeBase,hapl005.html,X,N,X,X,Y
height,hapl006.html,X,Y,X,X,Y
hspace,hapl007.html,X,Y,X,X,Y
name,hapl008.html,X,Y,X,X,Y
object,hapl009.html,X,N,X,X,Y
vspace,hapl010.html,X,Y,X,X,Y
width,hapl011.html,X,Y,X,X,Y
HTMLMapElement,,Y,P,X,X,Y
areas,hmap001.html,Y,N,X,X,Y
name,hmap002.html,Y,Y,X,X,Y
HTMLAreaElement,,Y,P,X,X,Y
accessKey,hare001.html,Y,Y,X,X,Y
alt,hare002.html,Y,Y,X,X,Y
coords,hare003.html,Y,N,X,X,Y
href,hare004.html,Y,N,X,X,Y
noHref,hare005.html,Y,P,X,X,Y
shape,hare006.html,Y,N,X,X,Y
tabIndex,hare007.html,Y,Y,X,X,Y
target,hare008.html,Y,Y,X,X,Y
HTMLScriptElement,,X,P,X,X,X
text,hsrc004.html,N,N,X,X,X
htmlFor, ,X,X,X,X,X
event, ,X,X,X,X,X
charset,hsrc005.html,Y,Y,X,X,X
defer,hscr003.html,Y,N,X,X,Y
src,hscr001.html,Y,Y,X,X,Y
type,hscr002.html,Y,Y,X,X,Y
HTMLTableElement,,X,X,X,X,X
caption,htbl001.html,Y,Y,X,X,Y
tHead,htbl002.html,Y,Y,X,X,N
tFoot,htbl003.html,Y,Y,X,X,N
rows, ,X,X,X,X,X
tBodies,htbl004.html,Y,N,X,X,Y
align,htbl006.html,Y,N,X,X,P
bgColor,htbl010.html,Y,P,X,X,P
border,htbl013.html,Y,Y,X,X,Y
cellPadding,htbl014.html,P,P,X,X,P
cellSpacing,htbl018.html,P,P,X,X,P
frame,htbl022.html,Y,N,X,X,Y
rules,htbl031.html,Y,N,X,X,Y
summary,htbl036.html,Y,Y,X,X,Y
width,htbl038.html,P,Y,X,X,P
createTHead,htbl042.html,Y,Y,X,X,Y
deleteTHead,htbl043.html,Y,Y,X,X,N
createTFoot,htbl044.html,Y,Y,X,X,Y
deleteTFoot,htbl045.html,Y,Y,X,X,N
createCaption,htbl046.html,Y,Y,X,X,Y
deleteCaption, ,X,X,X,X,X
insertRow, ,X,X,X,X,X
deleteRow, ,X,X,X,X,X
HTMLTableCaptionElem,,Y,N,X,X,X
align,htcp001.html;htcp002.html,Y,N,X,X,X
HTMLTableColElement,,X,X,X,X,X
align,htco001.html,Y,Y,X,X,Y
ch, ,X,X,X,X,X
chOff, ,X,X,X,X,X
span, ,X,X,X,X,X
vAlign, ,X,X,X,X,X
width, ,X,X,X,X,X
HTMLTableSectionElement,,X,X,X,X,X
align,htse001.html;htse002.html,Y,N,X,X,X
ch, ,X,X,X,X,X
chOff, ,X,X,X,X,X
vAlign,htse007.html;htse008.html,Y,N,X,X,X
rows, ,X,X,X,X,X
insertRow, ,X,X,X,X,X
deleteRow, ,X,X,X,X,X
HTMLTableRowElement,,X,X,X,X,X
rowIndex,htrw001.html,Y,Y,X,X,X
sectionRowIndex, ,X,X,X,X,X
cells, ,X,X,X,X,X
align, ,X,X,X,X,X
bgColor,htrw009.html,Y,N,X,X,X
ch, ,X,X,X,X,X
chOff, ,X,X,X,X,X
vAlign, ,X,X,X,X,X
insertCell, ,X,X,X,X,X
deteleCell, ,X,X,X,X,X
HTMLTableCellElement,,X,X,X,X,X
cellIndex, ,X,X,X,X,X
abbr, ,X,X,X,X,X
align,htcl005.html;htcl006.html,X,N,X,X,Y
axis, ,X,X,X,X,X
bgColor,htcl009.html;htcl010.html,X,Y,X,X,P
ch, ,X,X,X,X,X
chOff, ,X,X,X,X,X
colSpan,htcl015.html;htcl016.html,X,N,X,X,Y
headers, ,X,X,X,X,X
height,htcl019.html;htcl020.html,X,Y,X,X,Y
noWrap,htcl021.html;htcl022.html,Y,Y,X,X,Y
rowSpan,htcl023.html;htcl024.html,Y,Y,X,X,Y
scope, ,X,X,X,X,X
vAlign,htcl027.html;htcl028.html,Y,N,X,X,Y
width,htcl029.html;htcl030.html,Y,N,X,X,Y
HTMLFramesetElement,,X,X,X,X,X
cols,hfrs001.html,X,X,X,X,X
rows,hfrs002.html,X,X,X,X,X
HTMLFrameElement,,X,X,X,X,X
frameBorder, ,X,X,X,X,X
longDesc, ,X,X,X,X,X
marginHeight, ,X,X,X,X,X
marginWidth, ,X,X,X,X,X
name, ,X,X,X,X,X
noResize, ,X,X,X,X,X
scrolling, ,X,X,X,X,X
src, ,X,X,X,X,X
HTMLIFrameElement,,X,P,X,X,P
align,hifr001.html,Y,N,X,X,P
frameBorder,hifr002.html,Y,Y,X,X,Y
height,hifr003.html,Y,Y,X,X,Y
longDesc,hifr004.html,Y,N,X,X,Y
marginHeight,hifr005.html,Y,Y,X,X,Y
marginWidth,hifr006.html,Y,Y,X,X,Y
name,hifr007.html,Y,Y,X,X,Y
scrolling,hifr008.html,Y,N,X,X,N
src,hifr009.html,Y,Y,X,X,Y
width,hifr010.html,Y,Y,X,X,Y
