<xml xmlns:o="urn:schemas-microsoft-com:office:office">
 <o:File HRef="v3_document.htm"/>
 <o:File HRef="preview.wmf"/>
 <o:File HRef="v3_next_active.gif"/>
 <o:File HRef="v3_next_disabled.gif"/>
 <o:File HRef="v3_prev_active.gif"/>
 <o:File HRef="v3_prev_disabled.gif"/>
 <o:File HRef="v3_outline_collapse.gif"/>
 <o:File HRef="v3_outline_expand.gif"/>
 <o:File HRef="v3_space.gif"/>
 <o:File HRef="v3_endshow.htm"/>
 <o:File HRef="v3_navigation_bar.htm"/>
 <o:File HRef="v3_outline_navigation_bar.htm"/>
 <o:File HRef="v3_outline_collapsed.htm"/>
 <o:File HRef="v3_outline_expanded.htm"/>
 <o:File HRef="v3_blank_notes.htm"/>
 <o:File HRef="master03.htm"/>
 <o:File HRef="master03.xml"/>
 <o:File HRef="master04.htm"/>
 <o:File HRef="master04.xml"/>
 <o:File HRef="master02.htm"/>
 <o:File HRef="pres.xml"/>
 <o:File HRef="v3_slide0001.htm"/>
 <o:File HRef="v3_master04_background.gif"/>
 <o:File HRef="v3_slide0001_image001.gif"/>
 <o:File HRef="v3_slide0003.htm"/>
 <o:File HRef="v3_master03_background.gif"/>
 <o:File HRef="v3_slide0003_image002.gif"/>
 <o:File HRef="v3_slide0004.htm"/>
 <o:File HRef="v3_slide0004_image003.gif"/>
 <o:File HRef="v3_slide0005.htm"/>
 <o:File HRef="v3_slide0005_image004.gif"/>
 <o:File HRef="v3_slide0013.htm"/>
 <o:File HRef="v3_slide0013_background.gif"/>
 <o:File HRef="v3_slide0013_image005.gif"/>
 <o:File HRef="v3_slide0010.htm"/>
 <o:File HRef="v3_slide0010_image006.gif"/>
 <o:File HRef="v3_slide0006.htm"/>
 <o:File HRef="v3_slide0006_image007.gif"/>
 <o:File HRef="v3_slide0014.htm"/>
 <o:File HRef="v3_slide0014_background.gif"/>
 <o:File HRef="v3_slide0014_image008.gif"/>
 <o:File HRef="v3_slide0014_image009.gif"/>
 <o:File HRef="v3_slide0014_image010.gif"/>
 <o:File HRef="v3_slide0024.htm"/>
 <o:File HRef="v3_slide0024_background.gif"/>
 <o:File HRef="v3_slide0024_image011.gif"/>
 <o:File HRef="v3_slide0024_image012.gif"/>
 <o:File HRef="v3_slide0016.htm"/>
 <o:File HRef="v3_slide0016_background.gif"/>
 <o:File HRef="v3_slide0016_image013.gif"/>
 <o:File HRef="v3_slide0016_image014.gif"/>
 <o:File HRef="v3_slide0016_image015.gif"/>
 <o:File HRef="v3_slide0022.htm"/>
 <o:File HRef="v3_slide0022_background.gif"/>
 <o:File HRef="v3_slide0022_image016.gif"/>
 <o:File HRef="v3_slide0022_image017.gif"/>
 <o:File HRef="v3_slide0022_image018.gif"/>
 <o:File HRef="v3_slide0023.htm"/>
 <o:File HRef="v3_slide0023_background.gif"/>
 <o:File HRef="v3_slide0023_image019.gif"/>
 <o:File HRef="v3_slide0023_image020.gif"/>
 <o:File HRef="v3_slide0023_image021.gif"/>
 <o:File HRef="v3_slide0015.htm"/>
 <o:File HRef="v3_slide0015_background.gif"/>
 <o:File HRef="v3_slide0015_image022.gif"/>
 <o:File HRef="v3_slide0015_image023.gif"/>
 <o:File HRef="v3_slide0017.htm"/>
 <o:File HRef="v3_slide0017_image024.gif"/>
 <o:File HRef="v3_slide0017_image025.gif"/>
 <o:File HRef="v3_slide0017_image026.gif"/>
 <o:File HRef="v3_slide0018.htm"/>
 <o:File HRef="v3_slide0018_image027.gif"/>
 <o:File HRef="v3_slide0018_image028.gif"/>
 <o:File HRef="v3_slide0018_image029.gif"/>
 <o:File HRef="v3_slide0021.htm"/>
 <o:File HRef="v3_slide0021_image030.gif"/>
 <o:File HRef="v3_slide0021_image031.gif"/>
 <o:File HRef="v3_slide0026.htm"/>
 <o:File HRef="v3_slide0026_background.gif"/>
 <o:File HRef="v3_slide0026_image032.gif"/>
 <o:File HRef="v3_slide0026_image033.gif"/>
 <o:File HRef="v3_slide0028.htm"/>
 <o:File HRef="v3_slide0028_image034.gif"/>
 <o:File HRef="v3_slide0028_image035.gif"/>
 <o:File HRef="v3_slide0028_image036.gif"/>
 <o:File HRef="v3_slide0029.htm"/>
 <o:File HRef="v3_slide0029_image037.gif"/>
 <o:File HRef="v3_slide0029_image038.gif"/>
 <o:File HRef="v3_slide0011.htm"/>
 <o:File HRef="v3_slide0011_background.gif"/>
 <o:File HRef="v3_slide0011_image039.gif"/>
 <o:File HRef="v3_slide0011_image040.gif"/>
 <o:File HRef="v3_slide0011_image041.gif"/>
 <o:File HRef="v3_slide0011_image042.gif"/>
 <o:File HRef="v3_slide0008.htm"/>
 <o:File HRef="v3_slide0008_image043.gif"/>
 <o:File HRef="v3_slide0025.htm"/>
 <o:File HRef="v3_slide0025_image044.gif"/>
 <o:File HRef="v3_slide0020.htm"/>
 <o:File HRef="v3_slide0020_image045.gif"/>
 <o:File HRef="v3_slide0027.htm"/>
 <o:File HRef="v3_slide0027_image046.gif"/>
 <o:File HRef="v3_slide0009.htm"/>
 <o:File HRef="v3_slide0009_image047.gif"/>
 <o:File HRef="slide0001.htm"/>
 <o:File HRef="master04_image048.gif"/>
 <o:File HRef="master04_image049.gif"/>
 <o:File HRef="slide0003.htm"/>
 <o:File HRef="master03_image050.gif"/>
 <o:File HRef="slide0004.htm"/>
 <o:File HRef="slide0005.htm"/>
 <o:File HRef="slide0013.htm"/>
 <o:File HRef="slide0013_image051.gif"/>
 <o:File HRef="slide0010.htm"/>
 <o:File HRef="slide0006.htm"/>
 <o:File HRef="slide0014.htm"/>
 <o:File HRef="slide0014_image052.gif"/>
 <o:File HRef="slide0014_image053.gif"/>
 <o:File HRef="slide0024.htm"/>
 <o:File HRef="slide0024_image054.gif"/>
 <o:File HRef="slide0024_image055.gif"/>
 <o:File HRef="slide0024_image056.gif"/>
 <o:File HRef="slide0024_image057.gif"/>
 <o:File HRef="slide0024_image058.gif"/>
 <o:File HRef="slide0024_image059.gif"/>
 <o:File HRef="slide0024_image060.gif"/>
 <o:File HRef="slide0024_image061.gif"/>
 <o:File HRef="slide0024_image062.gif"/>
 <o:File HRef="slide0016.htm"/>
 <o:File HRef="slide0016_image063.png"/>
 <o:File HRef="slide0016_image064.png"/>
 <o:File HRef="slide0016_image065.gif"/>
 <o:File HRef="oledata.mso"/>
 <o:File HRef="slide0022.htm"/>
 <o:File HRef="slide0022_image066.gif"/>
 <o:File HRef="slide0022_image067.gif"/>
 <o:File HRef="slide0023.htm"/>
 <o:File HRef="slide0023_image068.gif"/>
 <o:File HRef="slide0023_image069.gif"/>
 <o:File HRef="slide0023_image070.gif"/>
 <o:File HRef="slide0023_image071.gif"/>
 <o:File HRef="slide0023_image072.gif"/>
 <o:File HRef="slide0015.htm"/>
 <o:File HRef="slide0015_image073.png"/>
 <o:File HRef="slide0015_image074.gif"/>
 <o:File HRef="slide0015_image075.png"/>
 <o:File HRef="slide0015_image076.gif"/>
 <o:File HRef="slide0017.htm"/>
 <o:File HRef="slide0017_image077.png"/>
 <o:File HRef="slide0017_image078.gif"/>
 <o:File HRef="slide0017_image079.png"/>
 <o:File HRef="slide0017_image080.gif"/>
 <o:File HRef="slide0018.htm"/>
 <o:File HRef="slide0018_image082.png"/>
 <o:File HRef="slide0018_image083.gif"/>
 <o:File HRef="slide0021.htm"/>
 <o:File HRef="slide0021_image084.png"/>
 <o:File HRef="slide0021_image085.gif"/>
 <o:File HRef="slide0026.htm"/>
 <o:File HRef="slide0026_image086.png"/>
 <o:File HRef="slide0026_image087.gif"/>
 <o:File HRef="slide0026_image088.png"/>
 <o:File HRef="slide0026_image089.gif"/>
 <o:File HRef="slide0028.htm"/>
 <o:File HRef="slide0028_image090.png"/>
 <o:File HRef="slide0028_image091.gif"/>
 <o:File HRef="slide0028_image092.png"/>
 <o:File HRef="slide0028_image093.gif"/>
 <o:File HRef="slide0029.htm"/>
 <o:File HRef="slide0029_image094.png"/>
 <o:File HRef="slide0029_image095.gif"/>
 <o:File HRef="slide0011.htm"/>
 <o:File HRef="slide0011_image096.png"/>
 <o:File HRef="slide0011_image097.gif"/>
 <o:File HRef="slide0011_image098.gif"/>
 <o:File HRef="slide0011_image099.gif"/>
 <o:File HRef="slide0008.htm"/>
 <o:File HRef="slide0025.htm"/>
 <o:File HRef="slide0020.htm"/>
 <o:File HRef="slide0027.htm"/>
 <o:File HRef="slide0009.htm"/>
 <o:File HRef="master01.htm"/>
 <o:File HRef="master03_stylesheet.css"/>
 <o:MainFile HRef="../mozcontrol.htm"/>
 <o:File HRef="error.htm"/>
 <o:File HRef="fullscreen.htm"/>
 <o:File HRef="outline.htm"/>
 <o:File HRef="buttons.gif"/>
 <o:File HRef="frame.htm"/>
 <o:File HRef="script.js"/>
 <o:File HRef="filelist.xml"/>
</xml>