<xml xmlns:o="urn:schemas-microsoft-com:office:office">
 <o:File HRef="v3_document.htm"/>
 <o:File HRef="preview.wmf"/>
 <o:File HRef="v3_next_active.gif"/>
 <o:File HRef="v3_next_disabled.gif"/>
 <o:File HRef="v3_prev_active.gif"/>
 <o:File HRef="v3_prev_disabled.gif"/>
 <o:File HRef="v3_outline_collapse.gif"/>
 <o:File HRef="v3_outline_expand.gif"/>
 <o:File HRef="v3_space.gif"/>
 <o:File HRef="v3_endshow.htm"/>
 <o:File HRef="v3_navigation_bar.htm"/>
 <o:File HRef="v3_outline_navigation_bar.htm"/>
 <o:File HRef="v3_outline_collapsed.htm"/>
 <o:File HRef="v3_outline_expanded.htm"/>
 <o:File HRef="v3_slide0001_notes_pane.htm"/>
 <o:File HRef="v3_slide0003_notes_pane.htm"/>
 <o:File HRef="v3_slide0005_notes_pane.htm"/>
 <o:File HRef="v3_slide0024_notes_pane.htm"/>
 <o:File HRef="v3_slide0028_notes_pane.htm"/>
 <o:File HRef="v3_slide0035_notes_pane.htm"/>
 <o:File HRef="v3_slide0031_notes_pane.htm"/>
 <o:File HRef="v3_slide0029_notes_pane.htm"/>
 <o:File HRef="v3_slide0030_notes_pane.htm"/>
 <o:File HRef="v3_slide0032_notes_pane.htm"/>
 <o:File HRef="v3_slide0040_notes_pane.htm"/>
 <o:File HRef="v3_slide0034_notes_pane.htm"/>
 <o:File HRef="v3_slide0033_notes_pane.htm"/>
 <o:File HRef="v3_slide0037_notes_pane.htm"/>
 <o:File HRef="v3_slide0041_notes_pane.htm"/>
 <o:File HRef="v3_slide0042_notes_pane.htm"/>
 <o:File HRef="v3_slide0043_notes_pane.htm"/>
 <o:File HRef="v3_slide0038_notes_pane.htm"/>
 <o:File HRef="v3_slide0025_notes_pane.htm"/>
 <o:File HRef="v3_slide0026_notes_pane.htm"/>
 <o:File HRef="v3_slide0011_notes_pane.htm"/>
 <o:File HRef="v3_slide0004_notes_pane.htm"/>
 <o:File HRef="v3_slide0019_notes_pane.htm"/>
 <o:File HRef="master03.htm"/>
 <o:File HRef="master03.xml"/>
 <o:File HRef="master02.htm"/>
 <o:File HRef="pres.xml"/>
 <o:File HRef="v3_slide0001.htm"/>
 <o:File HRef="v3_slide0001_background.gif"/>
 <o:File HRef="v3_slide0001_image001.gif"/>
 <o:File HRef="v3_slide0001_image002.gif"/>
 <o:File HRef="v3_master03_image003.gif"/>
 <o:File HRef="v3_slide0003.htm"/>
 <o:File HRef="v3_master03_background.gif"/>
 <o:File HRef="v3_master03_image004.gif"/>
 <o:File HRef="v3_slide0005.htm"/>
 <o:File HRef="v3_master03_image005.gif"/>
 <o:File HRef="v3_slide0024.htm"/>
 <o:File HRef="v3_master03_image006.gif"/>
 <o:File HRef="v3_slide0028.htm"/>
 <o:File HRef="v3_master03_image007.gif"/>
 <o:File HRef="v3_slide0035.htm"/>
 <o:File HRef="v3_master03_image008.gif"/>
 <o:File HRef="v3_slide0031.htm"/>
 <o:File HRef="v3_master03_image009.gif"/>
 <o:File HRef="v3_slide0029.htm"/>
 <o:File HRef="v3_master03_image010.gif"/>
 <o:File HRef="v3_slide0030.htm"/>
 <o:File HRef="v3_master03_image011.gif"/>
 <o:File HRef="v3_slide0032.htm"/>
 <o:File HRef="v3_master03_image012.gif"/>
 <o:File HRef="v3_slide0040.htm"/>
 <o:File HRef="v3_master03_image013.gif"/>
 <o:File HRef="v3_slide0034.htm"/>
 <o:File HRef="v3_master03_image014.gif"/>
 <o:File HRef="v3_slide0033.htm"/>
 <o:File HRef="v3_master03_image015.gif"/>
 <o:File HRef="v3_slide0037.htm"/>
 <o:File HRef="v3_master03_image016.gif"/>
 <o:File HRef="v3_slide0041.htm"/>
 <o:File HRef="v3_master03_image017.gif"/>
 <o:File HRef="v3_slide0042.htm"/>
 <o:File HRef="v3_master03_image018.gif"/>
 <o:File HRef="v3_slide0043.htm"/>
 <o:File HRef="v3_master03_image019.gif"/>
 <o:File HRef="v3_slide0038.htm"/>
 <o:File HRef="v3_master03_image020.gif"/>
 <o:File HRef="v3_slide0025.htm"/>
 <o:File HRef="v3_master03_image021.gif"/>
 <o:File HRef="v3_slide0026.htm"/>
 <o:File HRef="v3_master03_image022.gif"/>
 <o:File HRef="v3_slide0011.htm"/>
 <o:File HRef="v3_slide0011_image023.gif"/>
 <o:File HRef="v3_master03_image024.gif"/>
 <o:File HRef="v3_slide0004.htm"/>
 <o:File HRef="v3_master03_image025.gif"/>
 <o:File HRef="v3_slide0019.htm"/>
 <o:File HRef="v3_master03_image026.gif"/>
 <o:File HRef="slide0001.htm"/>
 <o:File HRef="master03_background.gif"/>
 <o:File HRef="slide0001_image027.wmz"/>
 <o:File HRef="oledata.mso"/>
 <o:File HRef="slide0001_image028.gif"/>
 <o:File HRef="slide0001_image029.gif"/>
 <o:File HRef="slide0003.htm"/>
 <o:File HRef="slide0005.htm"/>
 <o:File HRef="slide0024.htm"/>
 <o:File HRef="slide0028.htm"/>
 <o:File HRef="slide0035.htm"/>
 <o:File HRef="slide0031.htm"/>
 <o:File HRef="slide0029.htm"/>
 <o:File HRef="slide0030.htm"/>
 <o:File HRef="slide0032.htm"/>
 <o:File HRef="slide0040.htm"/>
 <o:File HRef="slide0034.htm"/>
 <o:File HRef="slide0033.htm"/>
 <o:File HRef="slide0037.htm"/>
 <o:File HRef="slide0041.htm"/>
 <o:File HRef="slide0042.htm"/>
 <o:File HRef="slide0043.htm"/>
 <o:File HRef="slide0038.htm"/>
 <o:File HRef="slide0025.htm"/>
 <o:File HRef="slide0026.htm"/>
 <o:File HRef="slide0011.htm"/>
 <o:File HRef="slide0011_image032.gif"/>
 <o:File HRef="slide0004.htm"/>
 <o:File HRef="slide0019.htm"/>
 <o:File HRef="master01.htm"/>
 <o:File HRef="master03_stylesheet.css"/>
 <o:MainFile HRef="../ExtMoz.htm"/>
 <o:File HRef="error.htm"/>
 <o:File HRef="fullscreen.htm"/>
 <o:File HRef="outline.htm"/>
 <o:File HRef="notes_flag.gif"/>
 <o:File HRef="buttons.gif"/>
 <o:File HRef="frame.htm"/>
 <o:File HRef="script.js"/>
 <o:File HRef="filelist.xml"/>
</xml>