<xml xmlns:v="urn:schemas-microsoft-com:vml"
 xmlns:o="urn:schemas-microsoft-com:office:office"
 xmlns:p="urn:schemas-microsoft-com:office:powerpoint">
 <p:presentation notessizex="4392" notessizey="5832">
  <p:master id="3" type="main" href="master03.htm" xmlhref="master03.xml"
   template="Default Design" layout="title_body"
   slots="title,body,dateTime,footer,slideNumber">
   <p:schemes>
    <p:colorscheme
     colors="#FFFFFF,#000000,#808080,#000000,#00CC99,#3333CC,#CCCCFF,#B2B2B2"/>
    <p:colorscheme
     colors="#0000FF,#FFFFFF,#000000,#FFFF00,#FF9900,#00FFFF,#FF0000,#969696"/>
    <p:colorscheme
     colors="#FFFFCC,#000000,#666633,#808000,#339933,#800000,#0033CC,#FFCC66"/>
    <p:colorscheme
     colors="#FFFFFF,#000000,#333333,#000000,#DDDDDD,#808080,#4D4D4D,#EAEAEA"/>
    <p:colorscheme
     colors="#FFFFFF,#000000,#808080,#000000,#FFCC66,#0000FF,#CC00CC,#C0C0C0"/>
    <p:colorscheme
     colors="#FFFFFF,#000000,#808080,#000000,#C0C0C0,#0066FF,#FF0000,#009900"/>
    <p:colorscheme
     colors="#FFFFFF,#000000,#808080,#000000,#3399FF,#99FFCC,#CC00CC,#B2B2B2"/>
   </p:schemes>
  </p:master>
  <p:master id="1" type="notes" href="master01.htm" layout="notes"
   slots="header,dateTime,slideImage,body,footer,slideNumber"/>
  <p:master id="2" type="handout" href="master02.htm" layout="handout"
   slots="header,dateTime,footer,slideNumber"/>
  <p:slide id="1" href="slide0001.htm" layout="title_subtitle"
   slots="centerTitle,subTitle"/>
  <p:slide id="3" href="slide0003.htm" layout="title_body" slots="title,body"/>
  <p:slide id="5" href="slide0005.htm" layout="2_columns"
   slots="title,body,body"/>
  <p:slide id="24" href="slide0024.htm" layout="2_columns"
   slots="title,body,body"/>
  <p:slide id="28" href="slide0028.htm" layout="2_columns"
   slots="title,body,body"/>
  <p:slide id="35" href="slide0035.htm" layout="2_columns"
   slots="title,body,body"/>
  <p:slide id="31" href="slide0031.htm" layout="2_columns"
   slots="title,body,body"/>
  <p:slide id="29" href="slide0029.htm" layout="2_columns"
   slots="title,body,body"/>
  <p:slide id="30" href="slide0030.htm" layout="2_columns"
   slots="title,body,body"/>
  <p:slide id="32" href="slide0032.htm" layout="2_columns"
   slots="title,body,body"/>
  <p:slide id="40" href="slide0040.htm" layout="2_columns"
   slots="title,body,body"/>
  <p:slide id="34" href="slide0034.htm" layout="2_columns"
   slots="title,body,body"/>
  <p:slide id="33" href="slide0033.htm" layout="2_columns"
   slots="title,body,body"/>
  <p:slide id="37" href="slide0037.htm" layout="2_columns"
   slots="title,body,body"/>
  <p:slide id="41" href="slide0041.htm" layout="2_columns"
   slots="title,body,body"/>
  <p:slide id="42" href="slide0042.htm" layout="2_columns"
   slots="title,body,body"/>
  <p:slide id="43" href="slide0043.htm" layout="2_columns"
   slots="title,body,body"/>
  <p:slide id="38" href="slide0038.htm" layout="2_columns"
   slots="title,body,body"/>
  <p:slide id="25" href="slide0025.htm" layout="2_columns"
   slots="title,body,body"/>
  <p:slide id="26" href="slide0026.htm" layout="2_columns"
   slots="title,body,body"/>
  <p:slide id="11" href="slide0011.htm" layout="title_body" slots="title,body"/>
  <p:slide id="4" href="slide0004.htm" layout="title_body" slots="title,body"/>
  <p:slide id="19" href="slide0019.htm" layout="title_body" slots="title,body"/>
  <p:viewstate type="slideView"/>
  <p:slideshowsettings pencolor="schemeText"/>
  <p:kinsoku language="Japanese" level="levelOne"/>
  <p:font name="Times New Roman" charset="0" type="4"/>
  <p:font name="Palatino" charset="0" type="10" family="18"/>
  <p:font name="Arial" charset="0" type="4" family="34"/>
  <p:font name="Courier New" charset="0" type="6" family="49"/>
  <p:headersfooters slidenumber="t" nofooter="t" noheader="t" nodate="t"/>
  <p:headersfooters notes="t" slidenumber="t"/>
  <p:pptdocumentsettings framecolors="WhiteTextOnBlack" hideslideanimation="t"
   browsersupport="dual"/>
 </p:presentation>
 <o:shapedefaults v:ext="edit" spidmax="117762">
  <o:colormru v:ext="edit" colors="blue,yellow,#f30"/>
  <o:colormenu v:ext="edit" fillcolor="#f30"/>
 </o:shapedefaults></xml>