<xml xmlns:o="urn:schemas-microsoft-com:office:office">
 <o:File HRef="v3_document.htm"/>
 <o:File HRef="preview.wmf"/>
 <o:File HRef="v3_next_active.gif"/>
 <o:File HRef="v3_next_disabled.gif"/>
 <o:File HRef="v3_prev_active.gif"/>
 <o:File HRef="v3_prev_disabled.gif"/>
 <o:File HRef="v3_outline_collapse.gif"/>
 <o:File HRef="v3_outline_expand.gif"/>
 <o:File HRef="v3_space.gif"/>
 <o:File HRef="v3_endshow.htm"/>
 <o:File HRef="v3_navigation_bar.htm"/>
 <o:File HRef="v3_outline_navigation_bar.htm"/>
 <o:File HRef="v3_outline_collapsed.htm"/>
 <o:File HRef="v3_outline_expanded.htm"/>
 <o:File HRef="v3_blank_notes.htm"/>
 <o:File HRef="master04.htm"/>
 <o:File HRef="master04.xml"/>
 <o:File HRef="master05.htm"/>
 <o:File HRef="master05.xml"/>
 <o:File HRef="pres.xml"/>
 <o:File HRef="v3_slide0002.htm"/>
 <o:File HRef="v3_master05_background.gif"/>
 <o:File HRef="v3_slide0003.htm"/>
 <o:File HRef="v3_master04_background.gif"/>
 <o:File HRef="v3_slide0004.htm"/>
 <o:File HRef="v3_slide0004_background.gif"/>
 <o:File HRef="v3_slide0004_image001.gif"/>
 <o:File HRef="v3_slide0005.htm"/>
 <o:File HRef="v3_slide0006.htm"/>
 <o:File HRef="v3_slide0007.htm"/>
 <o:File HRef="v3_slide0008.htm"/>
 <o:File HRef="v3_slide0009.htm"/>
 <o:File HRef="v3_slide0046.htm"/>
 <o:File HRef="v3_slide0011.htm"/>
 <o:File HRef="v3_slide0011_background.gif"/>
 <o:File HRef="v3_slide0011_image002.gif"/>
 <o:File HRef="v3_slide0011_image003.gif"/>
 <o:File HRef="v3_slide0031.htm"/>
 <o:File HRef="v3_slide0047.htm"/>
 <o:File HRef="v3_slide0047_image004.gif"/>
 <o:File HRef="v3_slide0026.htm"/>
 <o:File HRef="v3_slide0027.htm"/>
 <o:File HRef="v3_slide0028.htm"/>
 <o:File HRef="v3_slide0029.htm"/>
 <o:File HRef="v3_slide0030.htm"/>
 <o:File HRef="v3_slide0014.htm"/>
 <o:File HRef="v3_slide0014_image005.gif"/>
 <o:File HRef="v3_slide0024.htm"/>
 <o:File HRef="v3_slide0024_background.gif"/>
 <o:File HRef="v3_slide0024_image006.gif"/>
 <o:File HRef="v3_slide0024_image007.gif"/>
 <o:File HRef="v3_slide0024_image008.gif"/>
 <o:File HRef="v3_slide0032.htm"/>
 <o:File HRef="v3_slide0034.htm"/>
 <o:File HRef="v3_slide0034_image009.gif"/>
 <o:File HRef="v3_slide0012.htm"/>
 <o:File HRef="v3_slide0012_background.gif"/>
 <o:File HRef="v3_slide0012_image010.gif"/>
 <o:File HRef="v3_slide0012_image011.gif"/>
 <o:File HRef="v3_slide0012_image012.gif"/>
 <o:File HRef="v3_slide0039.htm"/>
 <o:File HRef="v3_slide0037.htm"/>
 <o:File HRef="v3_slide0040.htm"/>
 <o:File HRef="v3_slide0038.htm"/>
 <o:File HRef="v3_slide0041.htm"/>
 <o:File HRef="v3_slide0042.htm"/>
 <o:File HRef="v3_slide0043.htm"/>
 <o:File HRef="v3_slide0044.htm"/>
 <o:File HRef="v3_slide0015.htm"/>
 <o:File HRef="v3_slide0045.htm"/>
 <o:File HRef="v3_slide0017.htm"/>
 <o:File HRef="v3_slide0018.htm"/>
 <o:File HRef="v3_slide0018_background.gif"/>
 <o:File HRef="v3_slide0018_image013.gif"/>
 <o:File HRef="v3_slide0018_image014.gif"/>
 <o:File HRef="v3_slide0018_image015.gif"/>
 <o:File HRef="v3_slide0018_image016.gif"/>
 <o:File HRef="v3_slide0019.htm"/>
 <o:File HRef="v3_slide0019_image017.gif"/>
 <o:File HRef="v3_slide0020.htm"/>
 <o:File HRef="v3_slide0020_image018.gif"/>
 <o:File HRef="v3_slide0021.htm"/>
 <o:File HRef="v3_slide0021_image019.jpg"/>
 <o:File HRef="v3_slide0022.htm"/>
 <o:File HRef="v3_slide0023.htm"/>
 <o:File HRef="v3_slide0023_image020.gif"/>
 <o:File HRef="slide0002.htm"/>
 <o:File HRef="master05_background.gif"/>
 <o:File HRef="master05_image021.gif"/>
 <o:File HRef="master05_image022.gif"/>
 <o:File HRef="slide0003.htm"/>
 <o:File HRef="master04_background.gif"/>
 <o:File HRef="master04_image023.gif"/>
 <o:File HRef="master04_image024.gif"/>
 <o:File HRef="slide0004.htm"/>
 <o:File HRef="slide0004_image025.gif"/>
 <o:File HRef="slide0005.htm"/>
 <o:File HRef="slide0006.htm"/>
 <o:File HRef="slide0007.htm"/>
 <o:File HRef="slide0008.htm"/>
 <o:File HRef="slide0009.htm"/>
 <o:File HRef="slide0046.htm"/>
 <o:File HRef="slide0011.htm"/>
 <o:File HRef="slide0011_image026.gif"/>
 <o:File HRef="slide0031.htm"/>
 <o:File HRef="slide0047.htm"/>
 <o:File HRef="slide0026.htm"/>
 <o:File HRef="slide0027.htm"/>
 <o:File HRef="slide0028.htm"/>
 <o:File HRef="slide0029.htm"/>
 <o:File HRef="slide0030.htm"/>
 <o:File HRef="slide0014.htm"/>
 <o:File HRef="slide0024.htm"/>
 <o:File HRef="slide0024_image027.gif"/>
 <o:File HRef="slide0032.htm"/>
 <o:File HRef="slide0034.htm"/>
 <o:File HRef="slide0012.htm"/>
 <o:File HRef="slide0012_image028.emz"/>
 <o:File HRef="oledata.mso"/>
 <o:File HRef="slide0012_image029.gif"/>
 <o:File HRef="slide0012_image030.gif"/>
 <o:File HRef="slide0012_image031.gif"/>
 <o:File HRef="slide0012_image032.gif"/>
 <o:File HRef="slide0039.htm"/>
 <o:File HRef="slide0037.htm"/>
 <o:File HRef="slide0040.htm"/>
 <o:File HRef="slide0038.htm"/>
 <o:File HRef="slide0041.htm"/>
 <o:File HRef="slide0042.htm"/>
 <o:File HRef="slide0043.htm"/>
 <o:File HRef="slide0044.htm"/>
 <o:File HRef="slide0015.htm"/>
 <o:File HRef="slide0045.htm"/>
 <o:File HRef="slide0017.htm"/>
 <o:File HRef="slide0018.htm"/>
 <o:File HRef="slide0018_image033.gif"/>
 <o:File HRef="slide0018_image034.gif"/>
 <o:File HRef="slide0018_image035.gif"/>
 <o:File HRef="slide0018_image036.gif"/>
 <o:File HRef="slide0018_image037.gif"/>
 <o:File HRef="slide0018_image038.gif"/>
 <o:File HRef="slide0018_image039.gif"/>
 <o:File HRef="slide0018_image040.gif"/>
 <o:File HRef="slide0018_image041.gif"/>
 <o:File HRef="slide0018_image042.gif"/>
 <o:File HRef="slide0018_image043.gif"/>
 <o:File HRef="slide0018_image044.gif"/>
 <o:File HRef="slide0018_image045.gif"/>
 <o:File HRef="slide0019.htm"/>
 <o:File HRef="slide0019_image046.emz"/>
 <o:File HRef="slide0019_image047.gif"/>
 <o:File HRef="slide0020.htm"/>
 <o:File HRef="slide0020_image048.emz"/>
 <o:File HRef="slide0020_image049.gif"/>
 <o:File HRef="slide0021.htm"/>
 <o:File HRef="slide0021_image050.png"/>
 <o:File HRef="slide0021_image051.jpg"/>
 <o:File HRef="slide0022.htm"/>
 <o:File HRef="slide0023.htm"/>
 <o:File HRef="slide0023_image052.emz"/>
 <o:File HRef="slide0023_image053.gif"/>
 <o:File HRef="master01.htm"/>
 <o:File HRef="master04_stylesheet.css"/>
 <o:MainFile HRef="../rhino.htm"/>
 <o:File HRef="error.htm"/>
 <o:File HRef="fullscreen.htm"/>
 <o:File HRef="outline.htm"/>
 <o:File HRef="buttons.gif"/>
 <o:File HRef="frame.htm"/>
 <o:File HRef="script.js"/>
 <o:File HRef="filelist.xml"/>
</xml>