<xml xmlns:v="urn:schemas-microsoft-com:vml"
 xmlns:o="urn:schemas-microsoft-com:office:office"
 xmlns:p="urn:schemas-microsoft-com:office:powerpoint">
 <o:shapelayout v:ext="edit">
  <o:idmap v:ext="edit" data="2"/>
 </o:shapelayout><p:colorscheme
  colors="#660033,#FFFFCC,#220011,#FFCC00,#CC0099,#56002B,#9C004E,#FF6600"/>
 <v:background id="_x0000_s2049" o:bwmode="inverseGray" fillcolor="#603 [0]"
  o:targetscreensize="800,600">
  <v:fill color2="#201 [2]" angle="-90" focus="50%" type="gradient"/>
 </v:background><p:shaperange id="_x0000_s2050">
  <v:rect id="_x0000_s2050" style='position:absolute;left:691.625pt;top:35pt;
   width:28.375pt;height:248.25pt;mso-wrap-style:none;v-text-anchor:middle'
   o:bwmode="inverseGray" o:doubleclicknotify="t" fillcolor="#201 [2]"
   stroked="f" strokecolor="#ffc [1]">
   <v:fill color2="#9c004e [6]" angle="-90" focus="-50%" type="gradient"/>
   <p:animation number="1" delay="1000" type="object" effect="crawl"
    direction="left" flag="17412"/>
  </v:rect></p:shaperange>
 <p:shaperange id="_x0000_s2051">
  <v:shape id="_x0000_s2051" style='position:absolute;left:0;top:0;width:10in;
   height:168pt;mso-wrap-style:none;v-text-anchor:middle' coordsize="5760,1104"
   o:bwmode="inverseGray" o:doubleclicknotify="t" path="m0,0hcl5760,0hal5760,720hbc5400,824,4560,577,3600,624,2640,671,600,1104,,1000hal0,0hcxe"
   fillcolor="#603 [0]" stroked="f" strokecolor="#ffc [1]">
   <v:fill color2="#201 [2]" angle="-90" focus="50%" type="gradient"/>
   <v:path arrowok="t"/>
  </v:shape><v:shape id="_x0000_s2052" style='position:absolute;left:0;top:91.625pt;
   width:10in;height:448.375pt;mso-wrap-style:none;mso-wrap-distance-left:9pt;
   mso-wrap-distance-top:0;mso-wrap-distance-right:9pt;
   mso-wrap-distance-bottom:0;v-text-anchor:middle' coordsize="5760,3587"
   o:bwmode="inverseGray" o:doubleclicknotify="t" path="m0,582hfc1027,680,1960,387,2640,267,2640,267,3268,180,3373,160,4120,,5280,358,5760,358hel5760,3587hal0,3587hdc0,3587,,582,,582hfxe"
   fillcolor="#603 [0]" stroked="f" strokecolor="#ffc [1]">
   <v:fill color2="#201 [2]" alignshape="f" angle="-90" focus="50%" type="gradient"/>
   <v:stroke imagealignshape="f"/>
   <v:path arrowok="t"/>
  </v:shape><v:shape id="_x0000_s2053" style='position:absolute;left:0;top:23pt;
   width:10in;height:67.25pt;mso-wrap-style:none;v-text-anchor:middle'
   coordsize="5760,538" o:bwmode="inverseGray" o:doubleclicknotify="t" path="m0,163l0,403c295,450,1011,481,1773,443,2535,405,3909,161,4573,176,5237,191,5562,538,5760,536l5760,163c5560,79,5189,,4560,29,3931,58,2747,314,1987,336,1227,358,414,199,,163xe"
   fillcolor="#603 [0]" stroked="f" strokecolor="#ffc [1]">
   <v:fill color2="#201 [2]" angle="-90" focus="-50%" type="gradient"/>
   <v:path arrowok="t"/>
  </v:shape><v:shape id="_x0000_s2054" style='position:absolute;left:0;top:189.375pt;
   width:10in;height:84.25pt;mso-wrap-style:none;mso-wrap-distance-left:9pt;
   mso-wrap-distance-top:0;mso-wrap-distance-right:9pt;
   mso-wrap-distance-bottom:0;v-text-anchor:middle' coordsize="5760,674"
   o:bwmode="inverseGray" o:doubleclicknotify="t" path="m0,246l0,406hdc213,463,1009,616,1280,645hbc1551,674,1092,669,1627,580,2162,491,3804,109,4493,113,5182,117,5549,586,5760,606hal5760,233hhc5471,158,4818,,4040,33hbc3262,66,1766,398,1093,433,420,468,228,285,,246haxe"
   fillcolor="#603 [0]" stroked="f" strokecolor="#ffc [1]">
   <v:fill color2="#56002b [5]" angle="-90" focus="-50%" type="gradient"/>
   <v:stroke imagealignshape="f"/>
   <v:path arrowok="t"/>
  </v:shape><v:shape id="_x0000_s2055" style='position:absolute;left:195pt;
   top:119.875pt;width:525pt;height:420.125pt;mso-wrap-style:none;
   v-text-anchor:middle' coordsize="4200,3361" o:bwmode="white"
   o:doubleclicknotify="t" path="m0,3361c118,2850,354,590,1054,295,1754,,3676,1299,4200,1588l4200,2028c3700,1837,1842,220,1200,442,558,664,547,2875,347,3361l0,3361xe"
   fillcolor="#603 [0]" stroked="f" strokecolor="#ffc [1]">
   <v:fill color2="#56002b [5]" focus="-50%" type="gradient"/>
   <v:path arrowok="t"/>
  </v:shape><v:shape id="_x0000_s2056" style='position:absolute;left:0;top:271.125pt;
   width:10in;height:240.625pt;mso-wrap-style:none;mso-wrap-distance-left:9pt;
   mso-wrap-distance-top:0;mso-wrap-distance-right:9pt;
   mso-wrap-distance-bottom:0;v-text-anchor:middle' coordsize="5760,1925"
   o:bwmode="white" o:doubleclicknotify="t" path="m0,804l0,991c258,1160,1005,1925,1547,1818,2089,1711,2551,398,3253,351,3955,304,5342,1404,5760,1537l5760,1151hdc5405,1124,3982,,3240,84hbc2542,171,2113,1551,1573,1671,1033,1791,262,826,,804haxe"
   fillcolor="#603 [0]" stroked="f" strokecolor="#ffc [1]">
   <v:fill color2="#56002b [5]" angle="-90" focus="-50%" type="gradient"/>
   <v:stroke imagealignshape="f"/>
   <v:path arrowok="t"/>
  </v:shape><v:shape id="_x0000_s2057" style='position:absolute;left:0;top:279.75pt;
   width:491.125pt;height:265pt;mso-wrap-style:none;mso-wrap-distance-left:9pt;
   mso-wrap-distance-top:0;mso-wrap-distance-right:9pt;
   mso-wrap-distance-bottom:0;v-text-anchor:middle' coordsize="4196,2120"
   o:bwmode="white" o:doubleclicknotify="t" path="m0,415l0,508hdc160,577,1280,138,1933,229hbc2586,320,3644,746,3920,1055,4196,1364,3583,2120,3587,2082hal3947,829hbc3725,494,2911,138,2253,69,1595,,469,343,,415haxe"
   fillcolor="#603 [0]" stroked="f" strokecolor="#ffc [1]">
   <v:fill color2="#56002b [5]" focus="-50%" type="gradient"/>
   <v:stroke imagealignshape="f"/>
   <v:path arrowok="t"/>
  </v:shape></p:shaperange>
 <p:shaperange id="_x0000_m2058">
  <v:shapetype id="_x0000_m2058" style='position:absolute;left:54pt;top:48pt;
   width:612pt;height:90pt;v-text-anchor:middle' coordsize="21600,21600"
   o:master="" o:spt="1" path="m0,0l0,21600,21600,21600,21600,0xe" filled="f"
   fillcolor="#c09 [4]" stroked="f" strokecolor="#ffc [1]">
   <v:fill o:detectmouseclick="t"/>
   <v:stroke joinstyle="miter" o:forcedash="t"/>
   <v:path gradientshapeok="t" o:connecttype="rect"/>
   <o:lock v:ext="edit" grouping="t"/>
   <p:placeholder type="title"/>
  </v:shapetype></p:shaperange>
 <p:shaperange id="_x0000_m2059">
  <v:shapetype id="_x0000_m2059" style='position:absolute;left:54pt;top:156pt;
   width:612pt;height:324pt' coordsize="21600,21600" o:master="" o:spt="1"
   path="m0,0l0,21600,21600,21600,21600,0xe" filled="f" fillcolor="#c09 [4]"
   stroked="f" strokecolor="#ffc [1]">
   <v:fill o:detectmouseclick="t"/>
   <v:stroke joinstyle="miter" o:forcedash="t"/>
   <v:path gradientshapeok="t" o:connecttype="rect"/>
   <o:lock v:ext="edit" grouping="t"/>
   <p:placeholder type="body" position="1"/>
  </v:shapetype></p:shaperange>
 <p:shaperange id="_x0000_s2060">
  <v:shapetype id="_x0000_s2060" style='position:absolute;left:54pt;top:492pt;
   width:150pt;height:36pt' coordsize="21600,21600" o:master="" o:spt="1"
   path="m0,0l0,21600,21600,21600,21600,0xe" filled="f" fillcolor="#c09 [4]"
   stroked="f" strokecolor="#ffc [1]">
   <v:fill o:detectmouseclick="t"/>
   <v:stroke joinstyle="miter" o:forcedash="t"/>
   <v:path gradientshapeok="t" o:connecttype="rect"/>
   <o:lock v:ext="edit" grouping="t"/>
   <p:placeholder type="dateTime" position="2" size="half"/>
  </v:shapetype></p:shaperange>
 <p:shaperange id="_x0000_s2061">
  <v:shapetype id="_x0000_s2061" style='position:absolute;left:246pt;top:492pt;
   width:228pt;height:36pt' coordsize="21600,21600" o:master="" o:spt="1"
   path="m0,0l0,21600,21600,21600,21600,0xe" filled="f" fillcolor="#c09 [4]"
   stroked="f" strokecolor="#ffc [1]">
   <v:fill o:detectmouseclick="t"/>
   <v:stroke joinstyle="miter" o:forcedash="t"/>
   <v:path gradientshapeok="t" o:connecttype="rect"/>
   <o:lock v:ext="edit" grouping="t"/>
   <p:placeholder type="footer" position="3" size="quarter"/>
  </v:shapetype></p:shaperange>
 <p:shaperange id="_x0000_s2062">
  <v:shapetype id="_x0000_s2062" style='position:absolute;left:516pt;top:492pt;
   width:150pt;height:36pt' coordsize="21600,21600" o:master="" o:spt="1"
   path="m0,0l0,21600,21600,21600,21600,0xe" filled="f" fillcolor="#c09 [4]"
   stroked="f" strokecolor="#ffc [1]">
   <v:fill o:detectmouseclick="t"/>
   <v:stroke joinstyle="miter" o:forcedash="t"/>
   <v:path gradientshapeok="t" o:connecttype="rect"/>
   <o:lock v:ext="edit" grouping="t"/>
   <p:placeholder type="slideNumber" position="4" size="quarter"/>
  </v:shapetype></p:shaperange>
</xml>