<xml xmlns:v="urn:schemas-microsoft-com:vml"
 xmlns:o="urn:schemas-microsoft-com:office:office"
 xmlns:p="urn:schemas-microsoft-com:office:powerpoint">
 <p:presentation>
  <p:master id="4" type="main" href="master04.htm" xmlhref="master04.xml"
   template="Ribbons" layout="title_body"
   slots="title,body,dateTime,footer,slideNumber">
   <p:schemes>
    <p:colorscheme
     colors="#660033,#FFFFCC,#220011,#FFCC00,#CC0099,#56002B,#9C004E,#FF6600"/>
    <p:colorscheme
     colors="#003366,#FFFFFF,#000F1E,#33CCCC,#006699,#003366,#0099CC,#009999"/>
    <p:colorscheme
     colors="#008080,#FFFFFF,#002F2E,#66FFCC,#0099CC,#005250,#00CC99,#009999"/>
    <p:colorscheme
     colors="#000066,#FFFFFF,#000022,#FFCC00,#666699,#000048,#9999FF,#000099"/>
    <p:colorscheme
     colors="#FFFFFF,#663300,#FFFF99,#000000,#FFCC66,#FFFFCC,#FFCC00,#FF7C80"/>
    <p:colorscheme
     colors="#FFFFFF,#000000,#C0C0C0,#000000,#CBCBCB,#EAEAEA,#4D4D4D,#868686"/>
   </p:schemes>
  </p:master>
  <p:master id="5" type="title" href="master05.htm" xmlhref="master05.xml"
   layout="title_subtitle"
   slots="centerTitle,subTitle,dateTime,footer,slideNumber"/>
  <p:master id="1" type="notes" href="master01.htm" layout="notes"
   slots="header,dateTime,slideImage,body,footer,slideNumber"/>
  <p:slide id="2" href="slide0002.htm" masterhref="master05.htm"
   layout="title_subtitle" slots="centerTitle,subTitle"/>
  <p:slide id="3" href="slide0003.htm" layout="title_body" slots="title,body"/>
  <p:slide id="4" href="slide0004.htm" layout="title_body" slots="title,body"/>
  <p:slide id="5" href="slide0005.htm" layout="title_body" slots="title,body"/>
  <p:slide id="6" href="slide0006.htm" layout="title_body" slots="title,body"/>
  <p:slide id="7" href="slide0007.htm" layout="title_body" slots="title,body"/>
  <p:slide id="8" href="slide0008.htm" layout="title_body" slots="title,body"/>
  <p:slide id="9" href="slide0009.htm" layout="title_body" slots="title,body"/>
  <p:slide id="46" href="slide0046.htm" layout="title_body" slots="title,body"/>
  <p:slide id="11" href="slide0011.htm" layout="title_only" slots="title"/>
  <p:slide id="31" href="slide0031.htm" layout="title_body" slots="title,body"/>
  <p:slide id="47" href="slide0047.htm" layout="title_body" slots="title,body"/>
  <p:slide id="26" href="slide0026.htm" layout="title_body" slots="title,body"/>
  <p:slide id="27" href="slide0027.htm" layout="title_body" slots="title,body"/>
  <p:slide id="28" href="slide0028.htm" layout="title_body" slots="title,body"/>
  <p:slide id="29" href="slide0029.htm" layout="title_body" slots="title,body"/>
  <p:slide id="30" href="slide0030.htm" layout="title_body" slots="title,body"/>
  <p:slide id="14" href="slide0014.htm" layout="title_body" slots="title,body"/>
  <p:slide id="24" href="slide0024.htm" layout="title_only" slots="title"/>
  <p:slide id="32" href="slide0032.htm" layout="title_body" slots="title,body"/>
  <p:slide id="34" href="slide0034.htm" layout="title_body" slots="title,body"/>
  <p:slide id="12" href="slide0012.htm" layout="title_only" slots="title"/>
  <p:slide id="39" href="slide0039.htm" layout="title_body" slots="title,body"/>
  <p:slide id="37" href="slide0037.htm" layout="title_body" slots="title,body"/>
  <p:slide id="40" href="slide0040.htm" layout="title_body" slots="title,body"/>
  <p:slide id="38" href="slide0038.htm" layout="title_body" slots="title,body"/>
  <p:slide id="41" href="slide0041.htm" layout="title_body" slots="title,body"/>
  <p:slide id="42" href="slide0042.htm" layout="title_body" slots="title,body"/>
  <p:slide id="43" href="slide0043.htm" layout="title_body" slots="title,body"/>
  <p:slide id="44" href="slide0044.htm" layout="title_body" slots="title,body"/>
  <p:slide id="15" href="slide0015.htm" layout="title_body" slots="title,body"/>
  <p:slide id="45" href="slide0045.htm" layout="title_body" slots="title,body"/>
  <p:slide id="17" href="slide0017.htm" layout="title_body" slots="title,body"/>
  <p:slide id="18" href="slide0018.htm" layout="title_body" slots="title,body"/>
  <p:slide id="19" href="slide0019.htm" layout="title_body" slots="title,body"/>
  <p:slide id="20" href="slide0020.htm" layout="title_body" slots="title,body"/>
  <p:slide id="21" href="slide0021.htm" layout="title_only" slots="title"/>
  <p:slide id="22" href="slide0022.htm" masterhref="master05.htm"
   layout="title_subtitle" slots="centerTitle,subTitle"/>
  <p:slide id="23" href="slide0023.htm" layout="title_only" slots="title"/>
  <p:viewstate type="slideView"/>
  <p:kinsoku language="Japanese" level="levelOne"/>
  <p:font name="Times New Roman" charset="0" type="4"/>
  <p:font name="Courier New" charset="0" type="6" family="49"/>
  <p:headersfooters noheader="t"/>
  <p:pptdocumentsettings framecolors="WhiteTextOnBlack" hideslideanimation="t"
   browsersupport="dual"/>
 </p:presentation>
 <o:shapedefaults v:ext="edit" spidmax="56322"/>
</xml>