<xml xmlns:o="urn:schemas-microsoft-com:office:office">
 <o:File HRef="v3_document.htm"/>
 <o:File HRef="v3_next_active.gif"/>
 <o:File HRef="v3_next_disabled.gif"/>
 <o:File HRef="v3_prev_active.gif"/>
 <o:File HRef="v3_prev_disabled.gif"/>
 <o:File HRef="v3_outline_collapse.gif"/>
 <o:File HRef="v3_outline_expand.gif"/>
 <o:File HRef="v3_space.gif"/>
 <o:File HRef="v3_endshow.htm"/>
 <o:File HRef="v3_navigation_bar.htm"/>
 <o:File HRef="v3_outline_navigation_bar.htm"/>
 <o:File HRef="v3_outline_collapsed.htm"/>
 <o:File HRef="v3_outline_expanded.htm"/>
 <o:File HRef="v3_blank_notes.htm"/>
 <o:File HRef="master03.htm"/>
 <o:File HRef="master03.xml"/>
 <o:File HRef="master02.htm"/>
 <o:File HRef="pres.xml"/>
 <o:File HRef="v3_slide0001.htm"/>
 <o:File HRef="v3_master03_background.gif"/>
 <o:File HRef="v3_slide0001_image001.gif"/>
 <o:File HRef="v3_slide0001_image002.gif"/>
 <o:File HRef="v3_slide0002.htm"/>
 <o:File HRef="v3_slide0002_background.gif"/>
 <o:File HRef="v3_slide0002_image003.gif"/>
 <o:File HRef="v3_slide0002_image004.gif"/>
 <o:File HRef="v3_slide0002_image005.gif"/>
 <o:File HRef="v3_slide0002_image006.gif"/>
 <o:File HRef="v3_slide0003.htm"/>
 <o:File HRef="v3_slide0003_image007.gif"/>
 <o:File HRef="v3_slide0003_image008.gif"/>
 <o:File HRef="v3_slide0004.htm"/>
 <o:File HRef="v3_slide0004_image009.gif"/>
 <o:File HRef="v3_slide0004_image010.gif"/>
 <o:File HRef="v3_slide0005.htm"/>
 <o:File HRef="v3_slide0005_background.jpg"/>
 <o:File HRef="v3_slide0005_image011.gif"/>
 <o:File HRef="v3_slide0006.htm"/>
 <o:File HRef="v3_slide0006_image012.gif"/>
 <o:File HRef="v3_slide0006_image013.gif"/>
 <o:File HRef="v3_slide0007.htm"/>
 <o:File HRef="v3_slide0007_image014.gif"/>
 <o:File HRef="v3_slide0007_image015.gif"/>
 <o:File HRef="v3_slide0008.htm"/>
 <o:File HRef="v3_slide0008_image016.gif"/>
 <o:File HRef="v3_slide0008_image017.gif"/>
 <o:File HRef="v3_slide0009.htm"/>
 <o:File HRef="v3_slide0009_image018.gif"/>
 <o:File HRef="v3_slide0009_image019.gif"/>
 <o:File HRef="v3_slide0010.htm"/>
 <o:File HRef="v3_slide0010_background.jpg"/>
 <o:File HRef="v3_slide0010_image020.gif"/>
 <o:File HRef="v3_slide0011.htm"/>
 <o:File HRef="v3_slide0011_image021.gif"/>
 <o:File HRef="v3_slide0011_image022.gif"/>
 <o:File HRef="v3_slide0012.htm"/>
 <o:File HRef="v3_slide0012_image023.gif"/>
 <o:File HRef="v3_slide0012_image024.gif"/>
 <o:File HRef="v3_slide0013.htm"/>
 <o:File HRef="v3_slide0013_image025.gif"/>
 <o:File HRef="v3_slide0013_image026.gif"/>
 <o:File HRef="slide0001.htm"/>
 <o:File HRef="master03_background.gif"/>
 <o:File HRef="master03_image027.gif"/>
 <o:File HRef="master03_image028.gif"/>
 <o:File HRef="slide0001_image029.wmz"/>
 <o:File HRef="slide0001_image030.gif"/>
 <o:File HRef="slide0001_image031.wmz"/>
 <o:File HRef="slide0001_image032.gif"/>
 <o:File HRef="slide0002.htm"/>
 <o:File HRef="slide0002_image033.gif"/>
 <o:File HRef="slide0002_image034.gif"/>
 <o:File HRef="slide0002_image035.gif"/>
 <o:File HRef="slide0002_image036.gif"/>
 <o:File HRef="slide0002_image037.gif"/>
 <o:File HRef="slide0002_image038.gif"/>
 <o:File HRef="slide0002_image039.gif"/>
 <o:File HRef="slide0002_image040.gif"/>
 <o:File HRef="slide0002_image041.gif"/>
 <o:File HRef="slide0003.htm"/>
 <o:File HRef="slide0003_image042.gif"/>
 <o:File HRef="slide0003_image043.gif"/>
 <o:File HRef="slide0004.htm"/>
 <o:File HRef="slide0004_image044.wmz"/>
 <o:File HRef="slide0004_image045.gif"/>
 <o:File HRef="slide0004_image046.gif"/>
 <o:File HRef="slide0005.htm"/>
 <o:File HRef="slide0005_image047.gif"/>
 <o:File HRef="slide0005_image048.gif"/>
 <o:File HRef="slide0006.htm"/>
 <o:File HRef="slide0006_image049.gif"/>
 <o:File HRef="slide0006_image050.gif"/>
 <o:File HRef="slide0007.htm"/>
 <o:File HRef="slide0007_image051.gif"/>
 <o:File HRef="slide0007_image052.gif"/>
 <o:File HRef="slide0008.htm"/>
 <o:File HRef="slide0008_image053.gif"/>
 <o:File HRef="slide0008_image054.gif"/>
 <o:File HRef="slide0009.htm"/>
 <o:File HRef="slide0009_image055.gif"/>
 <o:File HRef="slide0009_image056.gif"/>
 <o:File HRef="slide0010.htm"/>
 <o:File HRef="slide0010_image057.gif"/>
 <o:File HRef="slide0010_image058.gif"/>
 <o:File HRef="slide0011.htm"/>
 <o:File HRef="slide0011_image059.gif"/>
 <o:File HRef="slide0011_image060.gif"/>
 <o:File HRef="slide0012.htm"/>
 <o:File HRef="slide0012_image061.gif"/>
 <o:File HRef="slide0012_image062.gif"/>
 <o:File HRef="slide0013.htm"/>
 <o:File HRef="slide0013_image063.gif"/>
 <o:File HRef="slide0013_image064.gif"/>
 <o:File HRef="master01.htm"/>
 <o:File HRef="master03_stylesheet.css"/>
 <o:MainFile HRef="../pluginpreso.htm"/>
 <o:File HRef="error.htm"/>
 <o:File HRef="fullscreen.htm"/>
 <o:File HRef="outline.htm"/>
 <o:File HRef="buttons.gif"/>
 <o:File HRef="frame.htm"/>
 <o:File HRef="script.js"/>
 <o:File HRef="filelist.xml"/>
</xml>