<xml xmlns:v="urn:schemas-microsoft-com:vml"
 xmlns:o="urn:schemas-microsoft-com:office:office"
 xmlns:p="urn:schemas-microsoft-com:office:powerpoint">
 <o:shapelayout v:ext="edit">
  <o:idmap v:ext="edit" data="1"/>
 </o:shapelayout><p:colorscheme
  colors="#FFFFFF,#000000,#969696,#000000,#00CC99,#3333CC,#CCCCFF,#B2B2B2"/>
 <v:background id="_x0000_s1025" o:bwmode="white" fillcolor="white [0]"/>
 <p:shaperange id="_x0000_s1026">
  <v:rect id="_x0000_s1026" style='position:absolute;left:124.5pt;top:0;
   width:595.375pt;height:110.625pt;mso-wrap-style:none;v-text-anchor:middle'
   fillcolor="#fcfeb9" stroked="f" strokecolor="black [1]">
   <v:fill src="master03_image001.gif" o:title="" color2="white [0]" type="pattern"/>
   <v:shadow color="#969696 [2]"/>
  </v:rect></p:shaperange>
 <p:shaperange id="_x0000_m1027">
  <v:shapetype id="_x0000_m1027" style='position:absolute;left:132pt;top:18pt;
   width:570pt;height:90pt;mso-wrap-style:square;v-text-anchor:middle'
   coordsize="21600,21600" o:master="" o:spt="1" path="m0,0l0,21600,21600,21600,21600,0xe"
   filled="f" fillcolor="#0c9 [4]" stroked="f" strokecolor="black [1]">
   <v:fill color2="white [0]" o:detectmouseclick="t"/>
   <v:stroke joinstyle="miter" o:forcedash="t"/>
   <v:shadow on="t" color="white [0]"/>
   <v:path gradientshapeok="t" o:connecttype="rect"/>
   <o:lock v:ext="edit" grouping="t"/>
   <v:textbox inset="7.25pt,46038emu,7.25pt,46038emu"/>
   <p:placeholder type="title"/>
  </v:shapetype></p:shaperange>
 <p:shaperange id="_x0000_m1028">
  <v:shapetype id="_x0000_m1028" style='position:absolute;left:131.875pt;top:2in;
   width:582.125pt;height:324pt;mso-wrap-style:square;v-text-anchor:top'
   coordsize="21600,21600" o:master="" o:spt="1" path="m0,0l0,21600,21600,21600,21600,0xe"
   filled="f" fillcolor="#0c9 [4]" stroked="f" strokecolor="black [1]">
   <v:fill color2="white [0]" o:detectmouseclick="t"/>
   <v:stroke joinstyle="miter" o:forcedash="t"/>
   <v:shadow on="t" color="black [1]" offset="0,0"/>
   <v:path gradientshapeok="t" o:connecttype="rect"/>
   <o:lock v:ext="edit" grouping="t"/>
   <v:textbox inset="7.25pt,46038emu,7.25pt,46038emu"/>
   <p:placeholder type="body" position="1"/>
  </v:shapetype></p:shaperange>
 <p:shaperange id="_x0000_s1029">
  <v:shapetype id="_x0000_t75" coordsize="21600,21600" o:spt="75"
   o:preferrelative="t" path="m@4@5l@4@11@9@11@9@5xe" filled="f" stroked="f">
   <v:stroke joinstyle="miter"/>
   <v:formulas>
    <v:f eqn="if lineDrawn pixelLineWidth 0"/>
    <v:f eqn="sum @0 1 0"/>
    <v:f eqn="sum 0 0 @1"/>
    <v:f eqn="prod @2 1 2"/>
    <v:f eqn="prod @3 21600 pixelWidth"/>
    <v:f eqn="prod @3 21600 pixelHeight"/>
    <v:f eqn="sum @0 0 1"/>
    <v:f eqn="prod @6 1 2"/>
    <v:f eqn="prod @7 21600 pixelWidth"/>
    <v:f eqn="sum @8 21600 0"/>
    <v:f eqn="prod @7 21600 pixelHeight"/>
    <v:f eqn="sum @10 21600 0"/>
   </v:formulas>
   <v:path o:extrusionok="f" gradientshapeok="t" o:connecttype="rect"/>
   <o:lock v:ext="edit" aspectratio="t"/>
  </v:shapetype><v:shape id="_x0000_s1029" type="#_x0000_t75" style='position:absolute;
   left:-.125pt;top:111.125pt;width:133.125pt;height:437.25pt' fillcolor="#0c9 [4]"
   strokecolor="black [1]">
   <v:fill color2="white [0]"/>
   <v:imagedata src="master03_image002.wmz" o:title=""/>
   <v:shadow color="#969696 [2]"/>
   <o:lock v:ext="edit" aspectratio="f"/>
  </v:shape></p:shaperange>
 <p:shaperange id="_x0000_s1030">
  <v:shape id="_x0000_s1030" type="#_x0000_t75" style='position:absolute;
   left:39.25pt;top:25.125pt;width:54.875pt;height:54.625pt' fillcolor="#0c9 [4]"
   strokecolor="black [1]">
   <v:fill color2="white [0]" o:detectmouseclick="t"/>
   <v:imagedata src="master03_image003.wmz" o:title=""/>
   <v:shadow color="#969696 [2]"/>
   <o:lock v:ext="edit" aspectratio="f"/>
   <p:animation type="noBuild" effect="cut" direction="noBlack" flag="1024"/>
  </v:shape><o:OLEObject Type="Embed" ProgID="Photoshop.Image.4"
   ShapeID="_x0000_s1030" DrawAspect="Content" ObjectID="1">
   <p:oleclientdata menuname="Image" clipboardname="Image"/>
  </o:OLEObject>
 </p:shaperange>
</xml>